video-name,class_idx
001afca4-f375-43eb-93be-67bff5046313.avi,0
0061c38a-b8e9-4739-9690-18ea2528c8e1.avi,4
008bfc66-7f83-4b22-844c-f1fa203850ac.avi,9
008dd2f4-ec80-46c2-87bd-174c31f92496.avi,3
00b24106-a904-4aeb-8c56-d788e0a6e4a0.avi,9
00ea5bca-c7f7-4aed-a084-521c6350f656.avi,4
00f4eb21-03f4-4717-9ee5-5297a5cce53c.avi,3
00ff329b-deb1-4b85-a67a-1b0bdcf31bbe.avi,0
01252ebd-1ba0-4cf4-a8ee-0ccda9668634.avi,7
012705c3-9eed-41a3-9dc5-4443b7be0abf.avi,10
012c61d3-681b-406d-bf61-bd271f8d9de9.avi,18
012cf8de-1f79-45b2-afa0-afbe823784a9.avi,8
018481bc-77bf-47cb-b29b-3bf7ab561fd5.avi,3
01c083be-21c9-448f-aa1a-c0b701683fdf.avi,4
01f3f431-16a5-4021-b03d-c0854d4af889.avi,9
02058a50-3325-4d70-ae79-99c6c03ecbd4.avi,7
024b527e-ef26-4dbf-8f66-dbb4c576faac.avi,0
0258af09-8ae5-4a10-8206-a5c5ae14aeca.avi,21
026a483a-79dd-437d-8a33-cfca8b2a24c7.avi,9
02731fd4-8d9d-45fc-9921-073f49203d63.avi,18
0283ef4b-a34d-46db-aff4-d22946903d7a.avi,7
029bf368-fd4e-44e6-a995-bc3d22dcd253.avi,7
02b42a3b-0144-4323-979c-da76439594e6.avi,3
02bf30a2-025b-4de7-993c-e011e1e0795d.avi,18
02daddab-8f40-4f1a-b694-7d89e7cf7e01.avi,7
0327d8a9-8f6d-4d80-afa7-7407dc6d1ee3.avi,17
03534796-0e5b-4aed-bc87-8609de08ec8a.avi,17
03cbd1f4-34e2-44dc-8594-718d6fb0bba2.avi,9
03e94295-5102-4a34-8393-5f9f3658ccf7.avi,3
041741b1-d3d3-4f05-a204-b4c7074863d2.avi,9
0422ed21-9377-4ae8-af2e-9a9d99caec18.avi,9
0438bbde-9adf-46b9-9941-bbb1217609d3.avi,17
044b15bb-a261-47a5-a480-9fdfa70ecdf4.avi,17
044deaed-802b-48f8-bc6c-01fdc270ca2f.avi,18
04673b51-b8ea-415e-9549-962f3f533711.avi,21
04681339-49b4-4c42-af24-ce07a96521bc.avi,17
046cadbb-6892-4748-b52a-62c78a20b953.avi,3
047a60f0-c68b-4fc8-a6b7-07599eda16af.avi,21
047e3b26-7345-4e2d-94e0-4fe5a4833ab4.avi,10
04a2255c-3812-4ecc-a5ad-a1f58253ea17.avi,17
04d1810a-e2db-4bbd-88e6-19c987cc1efa.avi,9
04de4729-b089-4207-b156-a143c11d9d41.avi,12
04e5e779-13bb-4e7e-99ce-d62da4feb6ff.avi,4
04f92afd-f5ce-456b-96a4-c15c654fb0b1.avi,18
051aad51-8c3c-4a9a-a577-c45cc07222dc.avi,7
059dca61-d208-4de8-a06f-9ef42b9beac9.avi,4
05cc7e97-e37c-400c-a538-9859d839a15f.avi,7
05d183b0-e38e-427d-ad91-170ddf90c597.avi,18
064ba94d-dcb8-4156-8784-6bb440405de0.avi,18
065043a4-25aa-4e93-8d5a-ae15491d3b9f.avi,9
065e8844-7fab-4f75-bb16-2214c682e928.avi,3
06b0dd3e-4f62-4078-90e0-8be563512988.avi,4
06b18866-8496-4cf9-ac97-649cf0c1ac94.avi,18
0764120e-9524-43e5-a93c-c0301a483cce.avi,21
077aea6d-1091-4223-82bb-e6907919249c.avi,4
07e0b0b9-9386-49d3-867c-246d05bbd5f3.avi,10
0804fcac-e733-4fc4-929a-06f6c90ff377.avi,3
082fab1f-fa69-4014-aa57-3adba9c773f9.avi,17
089741ea-e0d8-47a5-8a93-8961a87b6a52.avi,17
08a57937-e514-4b7d-9fae-3c8150a76fef.avi,18
08ae58be-43bc-4c9b-a8e5-3091e043f425.avi,18
08efe26a-ca7d-45bc-8f0c-5f30b26fba38.avi,15
0965240e-fefc-4b91-837f-7a0c328d2c23.avi,6
0966879d-851a-469b-91e3-9cf9321dc953.avi,9
096e3923-2ea6-479d-9e06-784ff2940670.avi,18
09a4a287-335d-43db-917b-1ac774239dee.avi,18
0a222c28-e83f-4012-bde4-b5057287face.avi,9
0a24bc2a-7963-4e87-bd04-5cb8982e8a96.avi,7
0a3957be-7e0b-403a-b7bf-b69a1e26258c.avi,4
0a56592e-0e19-40ac-9fea-d31d3e549089.avi,4
0a733ebd-b42b-4eca-a2b9-117222d09640.avi,3
0a99262b-44da-4cac-9bad-f27bed200b63.avi,3
0a9ba392-5c94-45eb-8150-8ffe4724bb5e.avi,4
0aac1a6c-d47a-4289-b0d0-3eef1141b37d.avi,23
0b4dbdac-2372-4aed-a80e-4e4cb0600f2b.avi,4
0b7aa9c1-2ac8-4cd9-81c8-8dd9abd9ce8f.avi,10
0bab2491-14ad-417c-9273-b6dcec79bba4.avi,15
0c0f680a-b444-4fb8-bcc8-095ae687995b.avi,21
0c18168f-4d8c-499f-9c52-b37491703f14.avi,4
0c3ee2ce-93a7-4b68-9405-e793f28f67d1.avi,4
0c4a6148-506f-4a76-859a-72d0910d0758.avi,4
0c747fa1-1c8f-4461-9669-d28fcd0c9943.avi,4
0c7a3f8f-3e46-43be-8bb3-7dab7e61471e.avi,21
0cb37716-065e-444c-b80e-3fdfb150e381.avi,3
0cd695e5-eaa4-4395-91fa-b089852605c6.avi,4
0ce0ba17-0052-4092-894c-cdcd6583509e.avi,4
0ce678e9-7c44-4d20-bba0-f67ba1568873.avi,7
0d38941f-641b-44a8-9d33-c477a68425e4.avi,15
0d5232e9-84c1-4fc9-ba97-4fc620067ceb.avi,3
0d8b1241-faac-442b-9f21-5f2356b88a7c.avi,4
0dc0623b-6a19-4c64-a6a9-58bfaccf0336.avi,0
0e1f665c-b000-4aa1-bcad-9792c3a5a301.avi,4
0e3ded73-5ec2-4c10-b9ba-ff9a1a9a3fcd.avi,17
0e85b560-3a73-4fa1-81f8-e0d8c5b6fd59.avi,7
0eb13a83-f78a-49a5-8815-3b42dd59335b.avi,15
0ee4c682-ced8-40f3-b312-c016de2e4ee2.avi,10
0f42998e-c522-45fa-9e5e-98a88fea6b90.avi,7
0f819d1e-2360-403b-ae53-867f81824c92.avi,9
0ffd2052-eab6-4dbc-ae94-491d418854c4.avi,18
10175b12-88b3-49fc-9586-d68ce3ac57ea.avi,17
109383b3-2374-4fc6-ad7f-adecb53dfc85.avi,17
113533e7-e36b-4d73-968d-6f30e7bf47cf.avi,9
114af9b6-da6a-4dc0-bf87-2638fe4176f8.avi,18
1160aa32-4aa8-48b0-9cdc-09e136e7e10e.avi,8
1180daa1-01ca-4346-86c9-a9ddbcbeddc6.avi,3
11a71aba-eacf-4f9a-9b8b-9b8314e23706.avi,18
124ebd73-cbad-486e-8b07-ecc64f896632.avi,7
1270d776-7fff-4dbe-ac63-d75eef808625.avi,9
12776c77-258f-4657-bc73-671a5b2f43b4.avi,0
12a809b4-6e8a-4312-997e-f07ca82dff1e.avi,3
12dee7c7-72ce-4ef9-aa78-8fcdf763dce2.avi,8
12eefb97-179d-49aa-8215-8eb40f13d77f.avi,0
1307cce9-159b-4001-a22d-7714bfd1c7aa.avi,21
131a6dc7-6f79-4cbe-be4f-a04a737ad103.avi,8
137a8b01-1474-49cd-9778-7f07ed1104f2.avi,1
13df0ad0-3258-47d1-b686-7c6ed04181aa.avi,18
1478a5be-a50d-4aff-a618-0e9a59b9bafd.avi,8
14be7d5c-afde-4019-a75e-2541e5d80957.avi,15
14c4d47e-d3b5-49c0-b609-c161a918d00c.avi,13
14e874d0-2ff5-4a2d-93e4-fdd9d761aa75.avi,8
154e60fd-a5bb-4498-8190-67449e6cfb3c.avi,4
157fd3ed-d41f-4133-86d7-723c14fb9625.avi,18
15d28fe2-f555-484b-933d-d3beee0d6335.avi,4
15d5e993-6d19-4ea5-9884-c2048fe1c9d0.avi,18
15f4643b-0baf-4993-8b6d-c2dfc4dddc60.avi,9
15fcc9af-55a3-4121-8e99-77bd4ebd6296.avi,0
1607d0a7-7582-4883-a4b6-2e8063cbcc3f.avi,21
161c24aa-e8c4-49c4-bc83-32601bad036b.avi,21
1657b8a3-df10-4077-a903-3d973dda72a5.avi,9
16b8777d-bfe5-4c3c-a001-8d22f4f1d6fc.avi,17
16e61436-6b83-4c2b-8923-e6e26b4093d6.avi,17
16eb3f60-ce47-4cad-ad58-be6db47a83aa.avi,23
16f7b299-d7e5-4143-8a24-17212af95413.avi,4
17306bbe-e6ac-411e-8f71-65f5842fa229.avi,0
17313812-c893-43ef-b874-90b8aa8c3296.avi,21
17339d94-5ff3-4fe1-8682-c9e09821f38c.avi,4
17418329-1844-44b4-8409-daa79a106dc7.avi,9
1767b7ce-846e-45f0-b4ae-d46132e3bea2.avi,18
17a250cf-03f3-45a9-9ce0-cff6c02331c1.avi,8
18169658-1445-4311-87e8-5b5f6367c499.avi,17
1831d38a-93df-4b42-934b-0f0da0de27a6.avi,6
1891daaa-f7d5-45d5-8041-75f1d8ff23ad.avi,9
18b705db-a23a-42f7-9ac4-3719da838c63.avi,7
18d39703-2d37-462e-bd6a-abac6f949a76.avi,21
1901d588-3bd3-4172-a186-0de99947531b.avi,17
1924916a-bcd0-422b-962a-36069fed14ac.avi,18
19739a27-2bef-4fc6-8d4a-6a0381e5469b.avi,4
19c1a63a-5e28-4009-92e2-21919e9edc1c.avi,8
1a24dbc3-e572-45a3-ae02-322a51c2c7e0.avi,4
1a4a0625-4a93-4a92-b364-801cad8ef80b.avi,17
1a6791a4-fb91-41c1-928d-ee9a3785d410.avi,17
1a7590c2-5327-4c2b-ae1a-d8226de4c534.avi,15
1a99828e-e7e7-4d11-8817-39944e623253.avi,18
1a9ef1a9-15ff-477e-88c8-fd4a65b65f8c.avi,4
1b1edf3d-23b9-4418-87f3-033869d8c444.avi,3
1b1f9023-7bb4-4a72-8f58-88f31222a1b0.avi,15
1b2b2743-7bf3-4800-b473-0e0707ea8326.avi,7
1b2c6523-06c0-4c5a-be96-8c7413e9ed9b.avi,8
1b546d9b-3798-49a2-9532-46d27bcc635f.avi,3
1b6f51df-ef2a-4372-a281-f4638ca82d4f.avi,17
1b9cc81f-518f-4f0a-adbf-c5f673eb52a1.avi,7
1ba73ed1-6464-440a-9520-b69795a4cbba.avi,4
1bff8834-66ee-4a2e-9a00-0fef71050f74.avi,21
1c66219c-5fdf-4366-8548-a80edc43f7ee.avi,4
1d271b11-684a-4d82-ac4a-3973ec3b2378.avi,4
1d476b49-dbbb-4603-ae93-df0ea60ed28b.avi,7
1ddad7a9-1536-4389-b5f7-f366df728199.avi,7
1de524ab-4d51-4f2c-a13d-cfceb7d15391.avi,10
1df2773d-1233-4481-b7a6-cd2d20b164e0.avi,4
1df2caf5-fbb9-4aa6-b1fa-d438141ae601.avi,0
1dfe2a0b-1440-40da-b160-e528f9b1b1d8.avi,16
1e2091be-ece3-4df0-8edb-bdbdd7ff25c8.avi,4
1e544966-735a-4100-ba81-be0fb07474bb.avi,12
1e548e28-c9ff-4ff5-907e-06d9a59322b9.avi,4
1e72c6a7-500e-4f44-9f35-ac1e99b793af.avi,8
1e816270-be66-4630-bb61-b25aae6c9417.avi,9
1e8a7337-f862-4ec2-a93e-730bbc6fb024.avi,18
1ea9cee0-cfbd-40ce-aafe-16197ec95a82.avi,9
1f143874-1e55-44f0-adec-791a89a49b0e.avi,4
1f326263-7f5f-42ea-a89b-a281644b5a90.avi,15
1f892dd8-7a6e-4d18-8a3f-4c95e3343183.avi,21
2003930c-e159-4ca0-b5f4-9efb94e5e3f9.avi,3
2080a83e-a0d1-428a-a467-24637556b253.avi,21
208ca870-cff3-4496-b16f-b9c2b7eff065.avi,3
20909e3a-709e-4e98-adcd-203235cbca42.avi,17
20c3c7b7-df13-46a7-bd1d-59e58ee6cf32.avi,18
20ec3422-69ff-4ff2-a4b7-9db5ff5eb676.avi,3
2114df36-1e93-4e0c-9991-275af1c4034f.avi,7
21289183-a94b-4b9c-a729-f851e3cb7b41.avi,17
213c435d-4580-4afb-8334-58dd12ddf6be.avi,9
2163dfcf-5d15-41b8-ab7c-b19e0d030109.avi,17
2193aa26-3841-4b37-afaa-3d80d7fb39af.avi,9
21ba4b0e-4656-463b-865d-469e34e1ba75.avi,6
21d8d11f-ba0b-433e-b15a-9e2df7d522c2.avi,4
22418368-d06e-443d-9c9b-1d38bc7d287b.avi,0
22834c6a-85aa-4ef6-a2fb-daaedc36e842.avi,7
22991306-7ecb-4368-a27a-800172b3412a.avi,17
22a8e000-f920-4141-90f1-1ba87f088132.avi,21
22b44a7c-2ead-4748-8b67-862976ab5860.avi,3
22c6d776-d64f-4d93-ad83-ae3c063c54ed.avi,8
22f1076f-b428-41ba-9587-d9b7997969ad.avi,15
2304c1c0-087a-428d-8fd0-65a6b88c3b78.avi,15
2355fb84-76ce-40bf-bc4a-66a932ca1222.avi,15
23ba0ece-4d0d-4b41-9de0-4b64b22e7cfb.avi,21
240e72a0-c118-4b09-aa09-ec78105cb20c.avi,18
2439f4f1-36e3-4dd6-a94c-64e39a6ef044.avi,17
2452767a-e5d9-42bc-aeae-62a262e6682f.avi,4
245fb153-bb13-412b-9691-530444ba3910.avi,6
248df996-434b-44f5-bbb5-b502c20d0b79.avi,17
249e4f0e-654c-4204-a63b-5c1892fc424b.avi,4
24ac52c2-dc54-49c5-8bf3-7ab3f752f387.avi,18
2520e296-450d-4d5b-9328-25526b3fa263.avi,0
259e98ce-ccad-4247-bda6-6ed01de9980f.avi,15
25a528f2-0f0d-416e-8a3e-661cb225e261.avi,7
25cdc51c-ae0b-49f4-803f-ccaefcb36546.avi,7
25cf6987-4d6d-404c-8789-b8a8ae0a3321.avi,0
25d30130-67a2-4d4d-a6c6-a9386723c3f6.avi,8
25e2bcf5-0aee-4f1e-be0b-914dd6cedeb1.avi,18
261d12fe-0691-425b-a787-5520af8584a3.avi,18
26273d0a-a9da-4ed6-b693-6b9a4c4b7929.avi,8
262faaa1-66b1-4d74-a459-54499892374c.avi,8
26a41d38-04eb-4175-bf4d-35063bfac691.avi,17
26f832a2-67bb-465c-a4e0-ba0d62ad2e84.avi,3
2724211d-8141-4f93-9a82-0c57fa754781.avi,18
273ce9d5-7d66-462c-9e32-340e82f2a738.avi,9
27553cff-1007-4ffb-91c1-61d7a2383a93.avi,17
276cea63-1ace-47f7-8712-ad2ce79ca278.avi,17
27779022-0b42-495d-b8bf-9cd7714b8575.avi,3
27dd43ab-788d-40ea-807b-5d9c9a53ee7c.avi,18
27f15f72-da22-4285-a494-9b59ca16cab6.avi,15
28084a3d-7f52-4b39-b93f-8a70be8956e1.avi,4
2832a139-7876-479f-9613-ddccda5a902a.avi,15
288485bd-1ee6-4ea6-a1ec-23ed87a2e4ca.avi,8
289eeb5f-357e-45a6-9936-a6afb6314430.avi,18
28d1f13c-caa9-42d4-ae8c-868c0ae2bb59.avi,3
28e0d1c8-e3ac-4812-ba36-15a4cbe8e770.avi,4
2907e887-8036-4a68-a4af-41f4fb3cad6d.avi,7
293e005b-cc64-48d3-af89-2dcbaff1b2fa.avi,9
297915e4-cd57-4fe9-bd72-119e6528d39a.avi,7
297c762e-72eb-4ea7-85d4-756c950f5ef0.avi,3
2994e09d-7a3f-4b4e-ba1a-3dcfccc24fbd.avi,4
29d6d0c3-8f92-49ff-9f49-62acc09ae0bd.avi,21
29d6d59e-0b68-44c1-9555-b24e9a383b3d.avi,8
29f4d55e-e6e3-4ba8-8505-ed2e263072b2.avi,8
2a49b91f-2408-4bb4-9c2f-65ba2d0d6b77.avi,9
2ab65bc6-ed3a-4822-96e8-82b5fc8df70b.avi,3
2acb625d-e88d-4776-9c0b-cfe8311e35d4.avi,3
2afdc05c-82e5-49b8-86fa-12be6d77456b.avi,15
2b0aa12d-b9f7-433e-be87-dfe1079e2105.avi,18
2b166aa0-777a-43c1-8e30-84b91a4c24b9.avi,18
2b462fe9-defd-421b-8be2-77e4e32b23ed.avi,1
2b8605cf-2c03-4d1e-91d9-1a29d3ba0471.avi,4
2ba376f4-63f8-4b7d-9f58-c4731b555e68.avi,9
2bad090e-d847-4160-a280-9758640568aa.avi,17
2bb8e249-e806-432a-8438-fb0ab769322e.avi,4
2bc6b01c-bf0b-4100-a79f-ea2170b1a22f.avi,9
2c423095-aa05-4e98-b905-de1d9e17e567.avi,7
2c4f0f0b-6c05-4b89-81e4-d1e2843ab720.avi,4
2c6bfe1b-7af8-409b-84e2-dfe6a1a2588c.avi,17
2cb8a6ac-dc1b-46a4-80dc-5dee3bb39b5b.avi,15
2cfe502e-5c22-4cc2-a658-381af2c48210.avi,13
2d1fb220-6a01-4c83-a96d-b7383f88bcbd.avi,17
2d2a630a-f21a-466a-81f4-c87a0ccc3e07.avi,7
2d5f02b8-9045-4cd1-988e-6fd1206bf480.avi,8
2d7322bd-10e1-491f-9895-e78e7cd17bd8.avi,9
2d9509d5-fc0c-4efe-8d0f-7d1d11f910bf.avi,3
2db2ebf0-aaf7-4890-9fd1-946bd74cda50.avi,4
2de681ea-b735-481e-b31e-8c8f4f4535e1.avi,15
2e5a6f70-bdb7-4940-8008-523f41861c71.avi,7
2e8b2ca9-ad9f-4f44-8ed7-1cfd231b45dd.avi,15
2eda28f7-b492-4541-83f8-e9acfac12ceb.avi,4
2efa8605-edfd-4913-b651-7964259dac09.avi,21
2f3c5e48-cf6b-4309-ae05-d6d5f90795b6.avi,17
303c8b11-7efb-4605-a8a7-0f98ebd89a5c.avi,21
306a8692-77f5-4c12-8941-ef3301b80181.avi,4
30aa2d6c-4c08-415b-892b-9e769fd5a57c.avi,15
30b52eee-009a-4986-9a1d-298d0d28ebdb.avi,8
30c638e3-263e-4f5d-9473-13e40a1d1481.avi,3
30ce81c9-a1eb-4ba9-8dcc-a83eab7d44d8.avi,18
30f846c5-56ac-4f9e-89ab-6d19b1797f6a.avi,18
310594c6-d331-4351-81a1-3b7e5f70a001.avi,15
3118443d-99a6-460d-8366-da7f79ca3ed3.avi,21
317280c3-d4c8-4c26-83c9-9b467a6ed280.avi,9
319d91d6-15f2-4bf1-97a8-e75aa8d11227.avi,18
31abeb09-6ba4-4798-b010-95970fecaa40.avi,0
321ee79d-04ff-4768-bda8-6042ff66819c.avi,15
3226b192-fbe8-4568-ac56-69e67e2afcb0.avi,8
322b0384-6dc9-4bbb-83f3-74f7b26c6ef9.avi,10
324d545e-1061-4354-a134-124ec9f37fa3.avi,6
328b46da-584a-47e7-9a70-43ae1be03808.avi,12
32cd48e7-c876-40d4-862e-9f97bf7bab4a.avi,15
32d387af-662e-4f21-b900-9d39d91a699e.avi,12
32e86352-88dd-43bb-a5be-00cd8ae5d176.avi,21
335ff382-0f75-4506-8e6a-791d719d2ad7.avi,10
3486b7a1-adc5-471f-830b-fbab546869a4.avi,18
349ec0c0-11a4-4ca7-a66f-1dc446a1da91.avi,4
34aed6b0-6023-44a6-ab95-5675b5555f52.avi,17
34d409e7-5b32-409b-9d17-627ccd67116d.avi,9
34d76315-5ebd-4c18-926b-d57012228e6e.avi,9
34e720be-ddd8-44e7-9766-e71532d990bf.avi,0
35116ddb-fb6b-4f35-b2c4-9396ce6201f9.avi,9
352d1d7c-9d72-4370-93a8-a181fd6958f0.avi,4
35937eab-8864-4f42-a176-acee51b9697d.avi,4
35c0c5b5-b56c-4d8b-b304-ccb90abd9373.avi,18
35d77cf8-b789-4168-8002-a4c5a83bbc59.avi,10
35f33928-c980-4212-97d1-ad08d6ea5758.avi,4
3603f94d-9bdc-4a46-82eb-e1ac1432ddd1.avi,8
360b1b98-ba81-4e81-b51e-43ffebdb5706.avi,3
36170ba5-cb5b-44fe-aaaf-921206cc1329.avi,9
362a1e46-8d43-4d84-ab96-e019d317f69e.avi,8
362e203f-97e8-4e39-ad9a-df5f85820cd0.avi,9
3634028f-f4e8-471e-84b1-8a0562903c3b.avi,21
36b57f3d-d51d-4185-a182-bd7a27eebc61.avi,17
36e95381-2e0a-4ee6-948f-7deeb5954985.avi,9
36f192f0-4859-4bca-a6de-eb4562da867c.avi,21
378062ca-442b-43bc-9528-b522d3b65c65.avi,17
37c4741c-e81b-4d2b-bc67-3d310238478e.avi,15
3809dffa-055f-42f3-a71b-5d8d5d590676.avi,15
383f45ff-203b-418c-8c32-06b0708c5bbd.avi,7
384d4033-0c40-4d12-99f9-941a4d54f257.avi,18
38a510c4-8660-4009-a106-2ac78b253740.avi,18
38c1a6de-bc84-448d-b0fe-c71f8b993b19.avi,21
38f118f5-8913-47ff-950b-504bef42f7f8.avi,17
39509f8e-6283-4d5e-9998-1e8db45bd063.avi,9
395e6a2a-7f4b-4dae-a6d2-18da40e556b0.avi,7
3978e370-a4a1-4040-869c-3eeb63a68d54.avi,8
39c81581-295a-4753-b99f-70af6edf9d41.avi,9
39ddc63d-99b7-40be-b50f-e9ee677008f7.avi,15
3a16e511-3d9a-47ca-aa2e-006b0910c4cd.avi,15
3a483384-279d-4c7a-9a19-c4d1b4327a9a.avi,3
3a6786b2-1958-4d69-9be9-7400d59cef14.avi,18
3b01aae3-064b-4057-903a-b3a4c5df6932.avi,8
3b059f8c-a3fd-4c4e-ae7d-345703604964.avi,6
3b10413c-eea8-4eba-8cf9-f7188ba337b6.avi,9
3b4c4cfa-2ad7-4d68-959a-9d601df4ece6.avi,15
3bbacec8-5a11-432d-bae3-ab5246001b0f.avi,21
3be9ae96-e4f9-4586-a406-a91585346d60.avi,4
3bf01003-c4fd-4cfc-8111-fec99269f9a0.avi,17
3bf701cb-3cc9-4045-8547-09091313c93c.avi,4
3bf9584a-d0eb-4535-a741-4f66a3610f55.avi,4
3c0bc838-9c17-4f8e-b550-b4f9377e2fac.avi,4
3c4550eb-6bc2-4d75-84c2-6a9f70f46063.avi,4
3c98cde0-3182-48c6-805a-30da2d73b969.avi,4
3cefe45e-a41a-496a-b685-91be0a09a5f0.avi,21
3d3cb41d-f0fe-4dc0-b06f-3a43134bcef3.avi,7
3da32922-fe46-4217-9c78-bcb525f4fa3d.avi,8
3dde1994-9f06-46d9-9dc8-5c1ddf2bd7da.avi,4
3e0d5dad-6173-4db4-a559-5618306d51d9.avi,17
3e819d86-4171-4e23-93a2-8d50ac4752ba.avi,18
3eb2eeca-fce0-4690-8b36-12f1fbbbfff7.avi,21
3f3767ac-dfc8-4534-9c1a-809ea4c9b911.avi,7
3f7bc8ae-4ba6-4062-b8de-724cc40c2ffe.avi,7
3f8a46c7-f1f8-4f21-b412-554026a94da3.avi,21
3fa0515c-c75c-489b-88c7-798aefe6387d.avi,7
3ff8986f-adc8-4c5c-b9d1-6d0b38a1603f.avi,4
404204f9-7b27-4b06-a4d2-8632fd8e4b4a.avi,7
41036e6b-6067-4765-a99d-38d9035488c5.avi,8
4120c001-aaaa-49c9-b675-8fa60f92cce4.avi,0
41447eb8-70c5-4bc9-a7e1-cd9abe2bf1c2.avi,21
417559e5-ee25-4aa6-b310-002545d04c27.avi,15
41b2a02c-b6d1-4dfc-b478-870db28040b5.avi,4
41d1ceb5-b270-4109-a1d0-c167d42f8b47.avi,21
433e575d-eb75-4bee-8199-d21ff93ddd3b.avi,8
436d6211-c5bd-48bd-9fdd-9c3dbb9770a6.avi,17
43a3e64b-95e0-440b-8109-485fbb31ca22.avi,21
43afec97-277e-41f2-9509-927c42c7d282.avi,8
43ba1c86-f75c-41d6-81bf-3c16558386fb.avi,3
43bf520f-b5d0-466d-8ec3-ad189f366cd4.avi,7
43c7196d-39c0-4ca0-94dd-cb9b0bb15fa0.avi,9
43f2f023-ed42-4982-b60f-41a46bb1cf7f.avi,17
443f2f5f-4036-4a93-9354-7db376580bfb.avi,21
444dc190-08f3-4501-9f0a-ee202ee5daea.avi,18
44526c43-2677-46c9-9899-c7314c08c992.avi,21
44706843-5004-4843-b031-0aaffc337fcd.avi,8
4474b67f-4662-499b-907e-5af0c159d264.avi,4
4474febe-09d9-491b-962c-f6f8e67e5614.avi,8
4492ec49-19a6-45f3-84c2-d106b8e5cd6a.avi,17
44a57e53-5c0c-4743-a561-04b398a1de24.avi,8
44ab56dd-b59a-4a7a-bc5c-b050973c1448.avi,3
44f64ea4-28ad-4e08-9edf-866f30cf6dda.avi,9
45025adc-0cea-4b4f-961f-3b0eba2110ae.avi,17
4503cff8-c155-419c-babd-d3c2ac4e5b18.avi,9
451758f8-1d22-45bc-b29e-b16becd22b7a.avi,7
455089fd-a014-4fea-a9d5-f501c9a8ed6d.avi,21
45aeb165-0dc0-4fae-8925-ae6304743d92.avi,8
45d0faa7-ebf9-4978-bf95-9e9314afe8e0.avi,21
45e35813-d5a4-4955-9852-1ed74b30f0cc.avi,8
468e4d18-0d3f-40e1-89d1-017b68e347be.avi,4
46abd798-b7a5-458e-8517-9537896d2715.avi,8
46bdc06e-aed5-4685-8a36-66ee6c1b3c97.avi,21
4702c0a0-66eb-4079-819f-6bdc06fb4eb4.avi,7
47124de6-612f-43f5-8b10-78d9579eab13.avi,18
4743c997-1e9b-4401-9c5a-79e292bfe2f1.avi,18
47e596e4-570d-4661-910e-ef8470316115.avi,3
47f12ec8-0122-4530-b5f1-be255fa74a67.avi,9
480baf20-137d-4a8a-a57c-ed2039272b1f.avi,17
4815ace5-2e09-47f2-8441-b5453ae665b7.avi,7
48fe5d5c-54bd-405b-b78f-11703662d490.avi,3
4907ba4a-6722-4ca0-8e57-594f44b4b973.avi,15
491be14d-ce08-4473-a3fd-3a93cb539350.avi,17
4925b378-3bb8-4725-b9ce-ae318c46e19f.avi,15
493666ab-8803-4de9-a6d6-02caabd28be8.avi,10
4955401b-e795-407a-b8d5-2984ae55a8bc.avi,4
49a0887b-07cb-49e8-a621-32cb13b40514.avi,4
49a9c487-c307-4dfc-a613-72a56f438676.avi,9
49e91e64-7df6-4f4c-b8c3-3d7b3698f553.avi,18
49efd6d1-797d-42a7-972f-8f4c010c963a.avi,9
49f3655c-8ae0-4a9e-b57e-f8b503073cf0.avi,3
49f870e9-dcde-407c-aaf5-8f0044394343.avi,17
4a045961-1753-4197-a718-73a1dd5e75e4.avi,15
4a8abb88-a4ea-4e10-bd9d-ee86b1141dad.avi,12
4aa18399-d9ec-4a83-a20a-75731b5cfc7a.avi,21
4aa9e269-b8d3-4a55-83e5-425eae826549.avi,4
4b2e01d2-a3ae-4f33-95f3-6ea33f26feed.avi,9
4b4ded99-869d-447c-9d3c-fce43aa98a24.avi,21
4b73c852-07fb-4ea1-9abd-0d3d25689b70.avi,15
4b75284f-f3d3-401d-b3e3-056332653238.avi,3
4b78e9ef-fc44-47f5-a94d-6612b69d05f4.avi,15
4bb4aaaf-2269-4773-a1a9-8c334631596c.avi,6
4befecfe-02f9-4841-a3c9-5b99842f8be1.avi,18
4c013667-db04-414d-b294-f54518e91eac.avi,17
4cc72cf5-36c5-44c7-b08a-05299bc3759e.avi,8
4cca9b27-1617-4ffd-8781-5c31655a386c.avi,21
4cd3ae5d-f628-436b-bb01-27eb14e67f78.avi,4
4d1450b8-252e-4107-b75c-2453a90daf78.avi,7
4d5c7af4-06e0-4211-90ba-0aa4cb6ae450.avi,7
4d789df6-b315-4c83-887c-6c34729c2fe0.avi,4
4db46851-68be-48d3-81f5-96777bb67212.avi,18
4db80876-7a5c-4a0c-839f-552efb7f36d0.avi,20
4e3bbdeb-6d32-49e1-b0fd-d28ba203a4ec.avi,23
4e3ce108-9bae-430c-9364-149bf59c9d21.avi,8
4e40ee07-f211-4310-8f55-5532178abd4d.avi,3
4ec82c0c-df4c-4605-add1-889e350af95b.avi,4
4ecdb0f4-c531-477d-860e-920bdfd7ad6f.avi,9
4ed5a572-7e24-4e62-b8f3-944a562c1452.avi,10
4f514f72-96c3-4ab9-ade8-ae266367a1a5.avi,3
4f713c23-abcb-4bcb-9d91-e26ad6417fe8.avi,7
4f899795-c823-4208-a8ec-74f9268f3cf5.avi,7
4fa19d94-979f-4c5d-b858-51da7b3fc84b.avi,21
4fa25a43-5437-4cc6-b6e7-406a95d85c6e.avi,4
4fa3f824-c067-4d9d-b92f-22a449bdc2fa.avi,0
4fad895f-c03b-4b62-b9f4-3c7598049e8a.avi,21
4fc2a43e-3229-4e1f-9506-43037f99f7b9.avi,7
4fc758b8-9597-4245-bd17-4ccd86d6b818.avi,8
4fe29e4a-01ab-4529-b3f9-065daf0835a6.avi,15
5019477c-a3ed-4f01-ae39-5d1d039256ae.avi,7
502c8b91-7f1a-482b-9a51-f6e14cd95445.avi,3
50abf906-2e8a-411d-9c6c-f4311b47ced0.avi,7
510836f0-6d64-4d06-af0e-4257510547be.avi,8
513cd8a2-ca92-428a-abaf-d18fe80a8e23.avi,8
514c8c3f-70fd-411f-b328-e74907da83d0.avi,15
51987370-7959-4c1a-ad27-6a124fd506cc.avi,21
51b8f986-4b21-4d54-8240-2e0d19902e9c.avi,15
52063e30-c10a-44de-8301-d3cbf1b283bc.avi,7
52bb9b83-7561-49b7-9d56-c90f53ad4b6e.avi,9
533bf5ec-d945-4c8b-8209-ef9b64f764a0.avi,0
5355d49d-05c1-4113-968d-a9176cd0278d.avi,3
536eb235-bdca-4dac-8d3a-698ad28bcb0f.avi,7
53871e7f-2c07-4dbf-b88f-3ace4212dc74.avi,4
53adb606-eacc-4436-851f-197bbdae5662.avi,21
53cf60a8-19c1-4168-92dc-064c4f56681b.avi,9
54c2be62-b38c-4235-b5be-bb0b3112994e.avi,15
54d2fa5a-4d15-444c-b076-016a636a9c42.avi,17
54f23621-4cba-4ed1-928e-951cfe891366.avi,4
54f951c3-144e-4811-ac3e-834ea5fe31ab.avi,7
552c729c-668b-47b6-af3e-51b869761122.avi,17
559e2e10-3e95-42da-bf91-0e0d44c3b673.avi,13
56348981-a45f-4a2e-a84f-cd5175bab7fb.avi,15
5649334a-cf2a-41e7-8306-f107bf1b6f94.avi,8
564acd36-4f8c-495f-b013-1cdcef0789bb.avi,10
5655b0c9-f5fd-4320-81a7-b369f3720490.avi,12
56a80f8d-5b55-4584-877e-0d528f734508.avi,8
56aa263e-6a0b-4079-8bf6-6a16ab9c255c.avi,3
56ac58da-210b-4875-a83b-750f1584cc08.avi,4
56e848e9-9daa-4782-9179-874d3787d0c9.avi,4
56f584c4-5157-4ebc-a8bc-c8c8ac0f71ba.avi,10
5710967d-ed9b-4194-a9a8-84b6d8045635.avi,4
571ab390-c23c-40b0-9575-0e459714be43.avi,12
5722aecf-ae08-4e9c-b974-46baefb9a009.avi,7
5733c37f-19c9-4451-be2a-c558ce405010.avi,18
5765cd30-8b79-431f-93aa-4a02243af6a0.avi,17
57d759aa-79a7-42e5-a1ab-88ef2d8071e7.avi,18
57e0230b-f74b-4009-8ec2-934fc6579c98.avi,8
57f6adcc-0255-48a8-a931-393ec95a3d12.avi,20
585c3707-fae0-4228-b658-029ee7a5069d.avi,17
58863a0b-4a18-41fa-b7b5-637ae40e147b.avi,17
5888115e-4e0f-48ee-adf8-ee6095de7933.avi,3
5894fca1-34dd-499e-8b3c-1d795577627b.avi,7
58c21b9a-3fee-4b7f-842a-7c170d7a0125.avi,18
58f9d8a1-7ed9-4b6f-9dd7-7ff26cfb7ce2.avi,4
590598dd-9bdd-47e0-a2f9-7252ba59d0da.avi,3
590be779-1ce4-40b4-828e-6dea999f2ce6.avi,18
59242143-3c24-4b5b-a2ab-84330c898ad4.avi,3
593670e4-3216-44a6-8624-3391a072cd74.avi,8
5937f80f-645c-44c9-9fe7-d8867b65d706.avi,21
59433c92-dba8-416d-b5aa-c634179fc992.avi,8
596fb8bd-e604-420f-9950-e1554a65b602.avi,4
5993a753-e0c6-42b6-aeec-dc024264abda.avi,3
59c7ac90-49a7-4ca4-a061-75ed305e7588.avi,18
59ea2711-b5d2-4e8f-a862-449e158d194b.avi,18
5a88514c-c599-46f3-84fa-e4a33c5da11e.avi,4
5aeed423-b3a6-49d9-af72-a93b48198a5a.avi,17
5b64fede-1889-40ed-87e7-d53742af936b.avi,15
5b6db136-7560-4155-bfaa-863779df1122.avi,21
5bbced6f-6413-4d76-ba11-f49b80e3c24e.avi,15
5bcaa973-e576-4657-8f24-53407252bc0e.avi,10
5c0cdd3d-9d0f-4c14-bb20-4acf20d8f7a2.avi,9
5c1136c7-72d2-4b70-be61-83081b0576bb.avi,0
5c3544d3-7253-491f-9a22-3ba8f7c7918a.avi,17
5c4a6ac9-0884-4fbc-8f97-9b56e4225b13.avi,18
5c5a9052-71c9-4570-b0a6-ad97dab2c3e7.avi,6
5c5e93bb-1784-4c21-b044-60fb1911c899.avi,7
5c6b1582-3e04-4cdb-8ec1-6a71e629cde9.avi,8
5c77b0b6-b047-4116-b1de-7341c395281c.avi,9
5c8334ae-0705-4a36-8432-9fc78fcbdaa8.avi,8
5cadfa93-668b-4b40-8e7e-2760b4c308c8.avi,4
5cc34a2a-6e65-443c-933f-6cc94c5392d7.avi,8
5cfce9ad-5596-46dc-af1f-e1303f956da8.avi,4
5d76cd51-6c22-44ae-8c4f-f363b3423816.avi,7
5dd13f0b-0275-4ab2-9214-62b0b56f8213.avi,7
5e130a22-b14c-45d5-b114-e5e4289cd47c.avi,7
5e3d2ecc-6e9e-4c8e-93be-7d220e4878cb.avi,4
5e5d505c-ca8f-45df-94b8-e1280492e5b8.avi,21
5e8a1fa3-27bc-4282-a32d-ceb4a0ca6149.avi,3
5ea2bb03-68b3-4eb6-89b1-4db9aa4b6b96.avi,8
5eb014ad-d202-40af-9552-6f40ef7db2fa.avi,17
5f4e760e-03da-4557-97e7-93bb08f2a40a.avi,17
5f8cb2de-7931-4be5-9830-9aba381bf830.avi,9
5f928ac6-80c7-42a1-a92b-2ed9633f7c35.avi,9
5f92f8cb-737f-4e2f-8d38-0de944753125.avi,0
5f9a9c12-87c5-4926-8f8c-5dba7acf1171.avi,1
5ffd9ade-c3fd-4b18-b0a8-480d4dbf7435.avi,6
5ffde866-e83b-4973-a5d7-0121b256b472.avi,17
60525785-990d-4dd5-9b48-7451422af520.avi,17
60761cc2-2822-4189-a4e9-bbe170ffb90c.avi,18
60ad1875-f534-404d-9991-8f7b0e987cd5.avi,15
60e418e2-8d44-4d77-8d18-ec18725d802b.avi,7
60ed9363-4e4c-4745-9a5e-d91fe68b6f7e.avi,17
60fc5d07-625b-441e-8c77-5cb0d80740e8.avi,8
61688b7f-686c-470c-9974-300d8a42783a.avi,9
6195153b-9e48-4a3a-bf6d-c07e55156672.avi,0
619e89e3-d33a-4ee5-88d1-68dff0cce716.avi,15
62020245-3d6f-4951-b587-c69a77a9cd30.avi,18
620d76b7-5c6c-4f2a-81a9-b66d605a2da7.avi,4
6252d3c4-a5c3-4038-a30e-5b732527fee2.avi,17
62593376-985f-4a7f-b874-b1961662461c.avi,9
625d7451-9234-490b-af3b-503d1acd2d76.avi,15
625e7927-960f-41fc-a8be-48a78669951d.avi,15
6263d608-f6bc-4319-bf10-353ef2e77d1e.avi,18
629e7369-a44a-4f31-871d-835ac2db3c6b.avi,7
63080bc6-e061-42e2-b9b6-c036598a3012.avi,3
63154102-5d70-4677-af11-4bc0af9a930a.avi,4
6327a8fb-6f75-4406-b7e4-01d113f69bf0.avi,9
63298a09-bcb1-4af7-b4ea-5578ff21afc0.avi,23
639d3ca6-11d9-4d0e-9a72-ed14edc38f21.avi,18
63a14e81-1992-42ba-81cf-f887f0b6a8d8.avi,4
63d2ba62-a35d-49fd-8db2-cdbe04260f34.avi,9
63e84805-8c09-456b-bab0-9fd4b05ebe28.avi,9
63feba90-5794-421d-83b8-1c02ff195ff1.avi,8
64248df3-74d7-4e67-b35d-6e038d11644a.avi,18
642fe998-e35f-4ff2-ae6a-bfbdf113a51b.avi,15
64983734-6e18-4d81-ba2b-2bbcb2064e72.avi,21
64d258ee-16dd-4f29-8c4f-823f5dde6c65.avi,9
65012f68-eb4e-4962-8c70-a916e128235c.avi,3
650abd19-3344-4f00-9dd9-feb8b8ed996f.avi,7
654aed59-2db5-4c7f-b176-3a585d797f1d.avi,9
657b40f5-1df5-4581-bbff-08268563e265.avi,21
65adfca8-5097-45a7-8447-c4eacd18ce22.avi,18
65c7ce2d-726e-4aa5-bc6f-79f4b666fc1c.avi,18
66478c11-857c-4c4d-b97f-e224749d414e.avi,18
668466dd-ea64-433c-84cc-015a90d21fc4.avi,21
668df1f9-d313-4eb6-a496-339a00f7032d.avi,17
6693a9d7-bd47-4da9-a745-523c151cd6e2.avi,7
66a4b832-d24c-4f75-9dff-fd2d9d536a06.avi,1
66aef590-3cf6-4909-8b8f-9536d41b9a8e.avi,15
66ca383d-edd7-40bc-91f2-9db68785a1c9.avi,18
67187a46-535c-4604-97e7-65796bcdc29b.avi,13
6731f368-36d7-473e-8fdf-d231ffa23ea1.avi,4
676a4e6b-9a35-4ead-9324-077313235437.avi,17
67f578ae-160f-437c-a083-b2d4ec2fe216.avi,15
6814bca0-14fa-498e-b0d6-a744dd701e1f.avi,4
688ce29b-a644-492a-be32-5fb2be1f6008.avi,4
68e3bf94-797a-4b54-8ac5-b1d9d1298ad3.avi,7
6933c205-abdb-40b6-926d-322d136d89fa.avi,15
695e0e21-e025-459f-a862-eb3856295e75.avi,18
69c3c538-f2f2-4a9c-95fb-efbd1bc65228.avi,15
69c7ec34-08e5-4d6b-af46-79e2b1680db4.avi,20
6a31d087-d29e-4533-b61e-76c8d7e0c49f.avi,10
6ae02c9a-20ac-4529-b376-7c46ad290e90.avi,8
6ae5edc4-f558-4daa-b565-efa122d26ee8.avi,4
6b30243c-fc17-44c6-8649-9150f1186ee1.avi,7
6b4526f9-bb40-41d4-9fef-f3cf2608310e.avi,9
6b7b4daa-df65-4714-b824-0827a1a21b00.avi,21
6bb469af-6795-44b0-9ca6-1dd5fb7734af.avi,21
6bb9924d-4158-4729-91f6-976c693e97e6.avi,8
6c1b6d57-e1a3-4dbc-af1e-ec6677491dcf.avi,18
6c6b5266-c09c-4e7d-9466-8fb6a49a2b6b.avi,4
6d386ebe-32d9-4111-b53f-e168fccbdae5.avi,21
6d3a16cb-011d-4cda-a4a5-ae4c11c53511.avi,3
6d60bab2-4df4-4bf6-b7b6-36e70715e6a0.avi,6
6d8b7c80-559b-4666-b65b-93c31851d39e.avi,3
6dbd199f-9a44-4b3f-a7ea-86c97c49fa52.avi,4
6dd95622-79da-482c-a80c-0729baaf3f9b.avi,18
6de6a6ba-fb72-4cad-b8e5-26daac4233a2.avi,18
6deda3f4-6b88-47a5-891b-05c969bdd770.avi,18
6dfc2855-b901-435f-b7a2-11c2f337177e.avi,9
6e74600b-969a-4a60-adc3-c35a1d5ceec2.avi,9
6e85e668-7a6c-4d20-94a4-478e25b51862.avi,4
6e9411e9-70aa-4688-8b7a-dfc3f6f4f948.avi,4
6f1d003e-dd2f-485c-bc59-dea41605b60d.avi,17
6f4ac1f2-bee5-40d3-93b7-329c42d017e7.avi,3
6fdcce00-3bab-4afb-8433-a89527651485.avi,4
70177af3-ccf8-473a-a4b7-c7cd2b4358de.avi,17
701ec9d0-2845-49bb-9a8a-92a2ef50abd8.avi,4
706601c7-fe1e-4985-9d7d-8e069f2970f0.avi,8
70948974-df6f-425a-92b8-dc3e063b9c1f.avi,21
70acefc9-b11f-4ff7-b701-850cce66d894.avi,21
70f007e3-5eca-4bb9-ba52-a42d100e5a57.avi,17
711adcc8-1951-4731-82c4-e1f43a9694c4.avi,4
711c943b-a159-4ba5-83de-1de7e0254d35.avi,9
7166451b-11ba-4259-b1dc-f35d9e677589.avi,7
718eaba7-9335-4843-ac0c-6b1b46bfb2a6.avi,12
718f8310-0a94-4114-a8d4-122421fe05ad.avi,21
71eceaeb-7624-4d96-9143-2d975215be35.avi,18
71eee8a4-ad53-4d01-aafd-dd8ea364164a.avi,17
7238b5a1-4767-4d08-b3bd-f3e66a038493.avi,8
7240a86c-c796-4193-bd84-77fa16b9877d.avi,15
728bd5d3-adad-4041-8993-ae50b5a70547.avi,17
72bbcf1c-41e8-4723-a54f-24c44dde597a.avi,17
72c7b17c-97f8-4750-a1d1-fa4ae46bfa6f.avi,15
733367df-e217-4c8a-984e-d1c66105b4fa.avi,4
7361b364-e90a-4cfa-937f-b6cc8c12d3d5.avi,21
738236ec-5ba0-45f9-8a8a-10ea05010b5b.avi,0
7386e92e-ab66-443e-944c-70b193654081.avi,4
73baafd8-dc5d-4667-93c4-7d88fc818750.avi,17
73e9b02d-1b7b-4644-bce0-302a9eb366e5.avi,10
7431b4da-1fbf-44f3-a146-996d653b096e.avi,15
7461eedb-32dd-45f4-a745-d954c1143a40.avi,15
7466272f-8fe6-4c26-95cf-fcbefe061fd0.avi,4
74ceea82-bae6-4f02-9764-7409959d9c6a.avi,8
74d6d132-973a-4319-a9c7-92d22cfbb398.avi,3
751933fe-c1fb-48f1-80c2-37b01ccb4738.avi,3
75549fbb-efe2-415d-bd61-d74e3d7c8530.avi,4
758b6aeb-d720-4201-a81a-8bb61f5d080c.avi,1
7599fcab-9533-444c-a6f8-8c4edba786e7.avi,7
75a4fbd8-2380-4208-a302-f4939dc2c0cc.avi,6
75c4d2d1-2a59-4c6b-8c4c-87fc2dbf6296.avi,4
76050152-8599-4d96-af89-8b2335214ec2.avi,17
766de6cf-57da-425d-9874-855cc8cd30d6.avi,10
7701bfab-fd82-458e-a434-97648bbb4cae.avi,4
773dff33-4132-4f8a-a179-406f5fda45b3.avi,8
774780f5-7c05-48f3-bf7f-e72a5ba1abf9.avi,10
77781c45-07d3-4628-ab15-428c4e6a8f3f.avi,17
7788cb4a-8967-47bf-9f71-92fb8ec2c2b6.avi,4
77ae9d12-4255-454c-b927-7cec9ee68c9c.avi,18
77c3ff70-39e4-43c6-bc82-14d72ad04b80.avi,18
780905c7-f824-4f86-9ca5-903ccca2792a.avi,8
781650b0-ca70-42b6-b023-0d91e6e81bfa.avi,14
782941eb-db31-4fa0-b167-0ecce0129c43.avi,9
784ac53b-7c8a-4ce9-bf10-76c2f0569ea2.avi,9
7881a651-4e4e-47f6-bbe7-297cdc43f913.avi,18
789f241a-9da3-438a-902c-851dd04d47a2.avi,9
7935fdf0-9e38-4c0f-addd-b92d78e13cdc.avi,3
795606f3-c74d-45ef-b9d1-17dea056df2d.avi,18
7968b683-3d72-43e1-a0ab-7088c832d17b.avi,9
798bcf65-d524-46f5-bf62-96f4fe4d4d33.avi,21
79a125e3-cd51-4598-9860-801a1b135cd5.avi,3
79a32dc8-b41a-4399-b603-c54552aa61c7.avi,15
79bba2e7-7b9c-4cd4-8917-d4dee4528d2a.avi,3
79d93d2c-c505-4264-aedd-4fdcc65d433d.avi,15
79f37b65-c106-451d-8edf-6154f01161f2.avi,0
7a106bff-cbff-45dd-8d14-f4f549bae9f8.avi,21
7a4267cf-bd13-4d69-a46d-99db20f6a6fa.avi,4
7ab9b944-8f7a-4311-b75e-f770a917ae2f.avi,3
7b0ea5da-2572-4638-9e44-75b7b867af17.avi,9
7b333e1e-0d06-4483-abd2-29af32077771.avi,9
7b6afc58-d3dd-4060-97c0-24e5bd234d94.avi,0
7ba75b2a-7b3e-4a13-a36b-8469465e5c67.avi,8
7c0ae293-e44e-421c-934b-e2252defb62f.avi,4
7c64e1dd-dc7d-4862-a7c7-0a64c649259b.avi,7
7c99c0f8-4ab3-48ae-8840-22ba4ae8a1b6.avi,7
7cab62de-13dc-44d4-8950-862719977549.avi,3
7ce25d75-f2ba-4157-a91d-5776819c8386.avi,4
7d0e3400-9dfe-4ce1-9887-5724a9d5dfa7.avi,21
7d526bb7-02c1-4356-a791-33a8ef39c28b.avi,9
7de65cbb-5870-482f-b590-5db3bf9df4ff.avi,17
7df59928-8887-4ff2-ac9d-221f67fed4e8.avi,7
7e0f8d57-2f66-4038-960e-0260ac4ab706.avi,21
7e1ab316-5c8f-4b7b-b93f-6e090d7061b0.avi,9
7e3c9e97-fb3b-48c8-9684-8f60f3973778.avi,18
7e67acfd-cebc-401f-ac7e-aeb4f8502e37.avi,17
7e82de74-5145-4a23-8af3-9c5217771ed6.avi,15
7eb94a18-c28d-4859-97ff-9af22c5e73d0.avi,4
7efd0c50-5fad-426a-8451-9ffd635768a3.avi,3
7f12189d-21a7-4850-aba7-63aa6cb3dbbd.avi,15
7f2aae3f-43c2-4453-baf1-c9bc2a17a825.avi,0
7f370edc-c149-49ca-a4ea-2f848f5f36ac.avi,4
7f51f268-33a6-4267-a90c-968caa2f08f4.avi,21
7f67726c-22f6-459e-9463-3bf6d558eccf.avi,21
7f7c2010-2d8c-4ae1-a2e7-8734544b5de0.avi,4
7f7d29cc-dc1c-4ee6-9249-cc18568b7243.avi,8
7fcb6509-ef9a-4e4b-82a1-142c12603342.avi,8
7fd820bd-b18d-4440-b1ca-63c5f00450da.avi,18
80050388-c08f-4212-a70f-05001ba82881.avi,8
80066fdf-38dc-4852-bdfd-06d23b66ac09.avi,17
801e032e-b245-4b6d-9650-55f7d62a8c4c.avi,9
804f0ca4-5684-43b5-90df-a7ad6618add7.avi,15
809412b7-940f-4f89-b204-dce1da733d7d.avi,14
8098b0c6-ef62-4664-a147-e6b5b8db15ba.avi,9
8115c2aa-9ef8-433d-9e32-5769fa4e4c74.avi,15
8194c84e-c437-4474-bf5e-8b8e468c9525.avi,18
8194e48a-299c-4b0c-b9f6-71182b000f6e.avi,21
81cd33d4-9236-448f-b8d1-814aff4dd7fc.avi,21
81d3f52d-794b-4d27-b837-cd7b94d1b212.avi,17
81df5b3e-6b7a-49c1-8b6e-6334c3338463.avi,4
821ee283-5ac3-4819-b618-bcb5c487d424.avi,17
823fc40d-756e-403a-be15-753258d0df1e.avi,21
82745bc5-0591-4909-b7a0-481c37be4f48.avi,3
827cdfde-eb9d-4464-9f6e-f0fedc9955e3.avi,7
827e977a-487b-4604-8cd1-de9024b70f73.avi,10
8295e665-2bb0-4a66-97a8-f6f40e0ee437.avi,4
82d93616-0e4c-4113-bd7d-15bdc3e3f018.avi,3
82ed310e-f9f5-4491-af24-34083c10b8bd.avi,12
82ed773d-9429-4e67-8b99-02f4d4d03597.avi,15
82f6934a-9e1f-4c5a-9f44-2396a2e5af24.avi,3
830a333c-b2f3-4bda-884c-48ce19a799ce.avi,17
830fc364-6fa1-4a8d-8400-36004d5f3626.avi,10
832354d3-e6a4-4d0d-8815-8be19ec66337.avi,17
8345c2d9-21cf-44f6-a81b-7e930b440492.avi,18
83f79948-a873-4f55-bff4-421f18963798.avi,4
841ff51d-e3c6-4bb5-92bf-7d97ee9bcf7b.avi,7
84805a38-205c-42b6-bc03-67d2dea7b704.avi,21
848fc5d8-949d-4121-8cc8-f57ac6436f91.avi,8
8490da90-84c7-46c8-b78f-41d647d7bc79.avi,3
84923f37-84d8-491b-b8bf-5a62a8694106.avi,18
84a124b1-d82f-4b22-9cc5-7c3f27e28a1c.avi,15
84ac3bae-c24b-496d-b199-9286c485f0ce.avi,3
8500591a-d38e-4d09-8f1d-0d77b668c961.avi,17
8509ac8a-146b-4efd-b09d-53ccf072e9ca.avi,15
8542cad4-5e69-41aa-82e1-aac43ac48e86.avi,4
8592b0a4-7ba9-488f-8b37-5c1dadbc9fdc.avi,8
859dba11-0e61-4053-a110-c678ea9cdc07.avi,17
85aa624d-5d1d-4699-94f6-d90629445512.avi,9
85bd1b30-8712-476d-bc98-d6fcb8e82739.avi,15
860e1bd4-5d21-47bf-bd2a-28ba12e5152c.avi,17
866af1fb-5a5c-4dff-947b-edcdcdc48392.avi,20
86929ce7-46ce-4c2d-a56f-863a0075312a.avi,10
869e953f-049f-46da-829b-520e2085b798.avi,18
86a2d4c0-e9fb-499d-a35d-7154dc545c3d.avi,4
86a49b66-5a69-4afe-a55a-946b658afc04.avi,18
86b1af6e-c589-48d2-a962-40704c835d32.avi,3
873aa37d-4e23-4798-a2a3-a87993511a0c.avi,9
876e4bd7-85c3-43d0-bf44-d83f7f1d2888.avi,4
8794e9ad-7b53-49dc-990d-e18a6f311561.avi,12
87d9b9a7-ff9f-4108-9341-30aff3cc7399.avi,9
88589af2-e5e4-450e-bbe3-874749f96d2b.avi,4
886ef2e0-e30c-4fcf-a7f2-1b090fcd208c.avi,15
8874f387-8648-4464-9971-3414c3d801de.avi,15
887530d4-496c-4b3b-b8ed-1517b53cecd3.avi,21
88d3a791-2cbb-4d1a-a663-863706e7e5a8.avi,18
8924e541-6b46-4752-9983-58058748f4a6.avi,17
8934b9e5-89e3-499f-a6ba-128374baf41c.avi,21
89632233-eec4-4403-b3b3-b80525ab6a0d.avi,18
898ae067-0d13-4333-ba5d-817301e8e266.avi,18
89900a76-13c6-4117-8a28-52414e713d02.avi,18
89b1edec-b19a-4338-b1f9-ac9dfeafbe84.avi,8
89ea5388-f2c8-413d-bbdc-be0f6083f8ef.avi,18
89f1dc52-1a95-4c23-b47c-91863e833fc1.avi,15
8a2efdb1-c1e6-48b9-8042-f59b0ee239cd.avi,9
8a5806b4-f4e0-44da-b730-46c060e2fa44.avi,4
8a603e7c-3558-4289-a188-24a676e81ad3.avi,4
8a769a37-6e2d-4cf8-bf4d-76cfaea05f73.avi,9
8a80c11c-5b55-459d-aa0a-ffce9fe552ec.avi,17
8a8e65f1-8023-445f-9147-ca9ea913921e.avi,3
8adce84a-ef6f-4954-809e-4af868719712.avi,4
8aee4047-ccfe-40ea-b0ef-1f986e920a3b.avi,8
8b08ff2b-02f3-4063-9c6a-3114dccb4fe0.avi,17
8b4f1f5a-6f5b-46de-88ff-544cc0750c0c.avi,9
8b54c9ee-ea7b-49af-b9ec-a1ba0b327c51.avi,17
8b7d67ec-9e42-44ea-80e1-593fc083643a.avi,3
8bc6839f-b8fb-48ef-b5bd-1bdfd4dee64b.avi,3
8bf3c19e-fb3f-4f00-a149-949f1ee7bb2c.avi,15
8bf464a2-1480-473b-bda1-0ec179756e57.avi,4
8c12267b-5734-4da9-b8cf-cc87ec0ed339.avi,17
8c2c0209-f448-4817-b2c1-768d645afdba.avi,9
8c578316-eaa3-4178-a32e-26469a2a4683.avi,12
8c5b5bc3-cbb3-40a2-86d3-c0fe368899f0.avi,17
8c5eb786-f4b2-4a00-8758-d89a3e369d2d.avi,18
8ca68eb9-c622-486a-a675-7adc7c5117fb.avi,9
8d54ea92-e417-4d8f-bafa-877b3c36cf54.avi,4
8d845cce-fa79-4c4c-a887-60fbe40e0559.avi,21
8e2cf821-001b-496e-bd2b-d9aa6914c274.avi,7
8e5f7b6b-7f02-413f-8d2b-6857c5e88aa5.avi,3
8e9fa938-35a7-45c8-8d69-bf81e8e5bbf3.avi,4
8eed1955-8720-4856-8846-9dddd1bfeeb9.avi,9
8f08165d-51b8-4c43-a29b-d3c5600483e8.avi,7
8f264a3f-1adb-4f83-8753-700643823444.avi,17
8f8ea7af-2a9c-42ba-be9f-0f24de47958f.avi,8
8fcb288d-7fca-4b28-bd6a-33d685a7b48f.avi,3
8fe3cc0b-9ef2-4715-abc4-a9ede17a4799.avi,9
8ff45660-8cbd-4a5c-b9fa-5865c06edd3b.avi,17
900952f8-e006-41a4-b5b8-1b8da7a72eba.avi,8
901abf7c-6171-4e51-9f33-e1aa4f6f47c2.avi,18
905b62ff-9d3f-45fb-acf2-13e95c83c85c.avi,0
9062c27b-45e9-4c0a-a283-aacebc6cc753.avi,4
90f1971e-84fa-4895-8be7-edd6778ebcd1.avi,18
91555acc-0011-448b-93dd-9bf61e596062.avi,17
917231da-867a-4099-a3c9-65043fa9b5c1.avi,0
91c62e60-b828-4bb9-8025-a00db11d15af.avi,4
91d2865f-4240-4ad7-8642-fd75bb9eccca.avi,15
9270d174-c792-4664-aad5-861313450024.avi,10
92914698-7525-4022-a4b9-60988c41e30d.avi,21
929fd280-41c4-4201-ad0e-c3f394d58914.avi,4
92ab71a3-976a-4b1d-a3d4-d437f0b0b027.avi,3
92ba550b-24e9-46ea-816b-500ae18e6934.avi,4
930f4b3a-d3c4-4105-bdd3-2e2038d1714b.avi,17
9315afc5-0f75-4824-b5a9-13122cd5b5f9.avi,15
9337d938-2471-4767-9121-4249d43f2a0b.avi,0
9389a2c8-151c-44da-802e-24c9e3f8a0fb.avi,17
93bcecd4-ad50-4693-af98-6b206b736937.avi,10
940371ad-5844-438b-8f12-4026a9422f26.avi,8
942363f4-8a77-4f6c-be37-70539809901a.avi,21
9460904a-235d-4cad-ba73-47d0c7b46f8e.avi,10
9476e5a6-47b1-4870-a6ec-6339aae656b2.avi,21
948f0556-b38b-4e9a-9532-9ae9e4569e2f.avi,3
94d054f3-3a57-4332-9683-3a5d5705aa79.avi,8
951f4914-65f6-4a22-a379-602bc128a820.avi,17
9533faf5-621f-4887-8f23-7edf31b97492.avi,17
955e14a2-f125-4af4-84cf-4d536e2d924e.avi,9
95751a4a-b3da-4c5b-b531-8387fc7b7271.avi,3
95872a6b-6b3f-4706-9e94-45655b7f3e86.avi,9
9593dfc2-fb66-4ae9-84c8-c87365f5ebd6.avi,3
95a9b566-c14d-4116-946f-af75994fcd9a.avi,15
95b6de66-eff4-42ca-98b5-42ff426bdfe7.avi,4
96317bb0-e247-49aa-af61-9fab1249fe18.avi,3
963789dd-a87f-4862-993b-0281a80e1254.avi,4
963f62c2-8f23-49e5-971b-88ab7df8e3b3.avi,15
9640c35f-9f6a-4062-b4a0-ed5cdcb5cfeb.avi,3
9643874a-4a32-418c-8ef9-6c6a9d1049ed.avi,7
967f65e2-7844-4879-8f3c-783b0fb3610a.avi,4
96f36b1d-251a-4254-a9e0-1794425a6903.avi,8
974bf8f6-5c55-43db-a682-3d4083923f02.avi,10
976f77d2-9276-458d-91b1-ec776b1898ee.avi,4
97847fd4-2db2-4594-9297-330a29638228.avi,10
9787de2b-193b-4719-aae9-0f7f359a3629.avi,17
985bff6e-d51a-4a5d-9236-5605de2b2165.avi,9
987af447-2466-46fe-b6c9-1bd571177362.avi,8
988a480a-5456-40de-96bc-59e4df4534e6.avi,15
98b0908b-a272-4d8f-96a6-2ed932fab9d5.avi,0
98f6fb1b-577f-4293-9ad3-f105c9ed16b7.avi,4
98fc493d-efca-414a-8220-c85799ba5526.avi,3
9933f6ad-cb69-43cd-ba17-eef0ff200c33.avi,8
99346013-f93f-4b58-9ade-7a93ae3b08b5.avi,23
99aff249-9845-4ebe-8098-d96366a4ab6c.avi,3
99b6fa51-49bd-477f-8db0-45fb3b472257.avi,6
99caab74-445d-4d5c-90cd-c52d489838a1.avi,17
99ee0476-7207-4418-9b5a-bca584433cb8.avi,18
9a0b2a09-bba7-4488-bca6-a23fc362afaa.avi,7
9a2193fc-7587-44af-ab7e-250725f7510d.avi,15
9a64579c-a857-4031-9783-28f6d75fba11.avi,7
9b5920b9-d388-4628-b216-6d4d85bd1475.avi,0
9bbd3516-7863-46dc-88be-7620dd87ef89.avi,18
9bed5a1b-062b-4391-95fe-a7ca7a347b1a.avi,17
9c1204c1-8e5b-4600-b576-5bf9bd5e882a.avi,17
9c798aa5-5704-4d2e-a638-9a2803ce02c0.avi,8
9c88bb2f-bea2-4d82-96ce-280d0cf71992.avi,8
9c9bdf1b-31b3-4bb2-bcf5-cee7f2a0bc19.avi,8
9cad74d7-5998-4deb-80fd-25d87f075d25.avi,0
9d4a257a-de59-497a-aac7-ac0dc612c63a.avi,4
9e954509-ee16-4397-a624-10d67c7e3bf3.avi,18
9ec996e0-ea94-403d-bce9-84509bb05f39.avi,21
9ee04117-a317-4669-85ad-a3a954eec400.avi,4
9f626ccb-0295-4a9f-9960-90c4262babd4.avi,9
9f69670a-6d33-44ad-a44a-b94c642aa5af.avi,9
9f6d0ce0-06da-41dc-bea6-632ba30ee74a.avi,21
9f76b7bf-7521-4add-849b-60d0ff7ba6c2.avi,17
9fc2fbb3-ea30-46e4-9cdb-d0763f8f0c99.avi,21
9fe6e6ef-1013-43c4-b836-d0c8283543f3.avi,3
9ffc24fc-69c0-4591-ad19-23f95e1f2a51.avi,12
a00b0f5f-9ff4-479a-9ea4-54fbcda7dddd.avi,7
a02ce444-a75b-40fa-8ae8-c8d0d1a08c73.avi,4
a04148ed-2944-42dc-a0e1-cf49aeca2969.avi,17
a09acc6f-329e-48e2-9804-eb817108708a.avi,0
a0c14f8d-f4e7-45ce-81d7-d6b92cc93926.avi,3
a0d65ca8-fff1-4573-94c6-024fd3b7221d.avi,0
a0d928fe-b299-4d1e-af08-726e3933e884.avi,9
a11be03e-76e1-409e-ae22-bfd5f551db75.avi,17
a148b388-6d5c-46ef-95e2-5f6550f956eb.avi,4
a1a967b3-3f5e-41e7-9c04-ea091119dc39.avi,4
a1e73e62-d415-4bdf-b479-8d12d8ad6379.avi,18
a1e8e76f-26c0-4044-af94-e6b2d5fccea9.avi,9
a20b7f10-5e80-4edd-85ac-a8acb1774dab.avi,17
a237460d-dcf7-4c62-9d0d-9c7cfe4763dc.avi,21
a23b8c3e-ff4e-4a13-8a1b-8386efb86568.avi,9
a25db27c-2011-4036-88b1-1cf0c328041e.avi,8
a27d160d-5445-4816-b851-1048bf0b521c.avi,21
a282ac79-379e-45aa-b747-d29e43e10fb1.avi,4
a2971bd9-cacf-48e4-b9f4-90697b16f84b.avi,15
a29e8e39-ebb3-4f3f-b4fb-2ed38597de28.avi,4
a2f222e4-436f-4d40-a2f4-fdc09a1eb19c.avi,4
a2f97883-8680-4b5a-b7c5-debcf49b5c74.avi,4
a3016d00-ea51-4adc-84aa-c93c6a910cbb.avi,17
a38dfdbf-5c49-4602-aba3-9bba9e430a6d.avi,4
a39f6808-66b1-4a9d-82a5-ac48c0d4dd73.avi,18
a3dfbc51-c686-4470-bd0b-ea38819dcd8c.avi,3
a46b44b3-7495-4c4d-a01e-c3d6e9f63df1.avi,9
a4bb2697-0760-47f0-b44c-a95dd7b65162.avi,17
a4c9520a-8611-4ad9-8ec9-b1692f5bc9cf.avi,18
a516118e-0dc8-419e-9288-83d93a4ffba1.avi,15
a5241ec2-52d1-41dc-a667-0e358ee4f06e.avi,18
a5a13d4d-087b-4a0c-9bed-96220da2231d.avi,4
a5a56616-f96c-43ee-b7a3-f888940116ea.avi,17
a64111d5-1902-419b-b2f4-8f2920f88de7.avi,7
a6518ab5-9f88-4703-81bc-9bdfc0fbe537.avi,15
a6573883-ed6b-4470-bbd1-4e44d4c73ba0.avi,7
a683bb75-3e19-4203-b191-cef1c8f87921.avi,8
a6905c63-6002-4afa-8521-29ad21cd5882.avi,21
a6b172ad-2c28-449c-9dfc-0c092c940b29.avi,4
a6b39962-7a78-48d5-ac59-c2d94995d112.avi,9
a72bd684-2499-4a8e-a428-3aea873d668f.avi,15
a77ae188-83c5-47b4-9428-1642194cf3fe.avi,3
a7809c4a-662c-4706-8143-ca197ed80f25.avi,7
a798d7bd-957b-4ec3-b3a3-46efd826cb0f.avi,17
a7d9ec62-21ff-4ba9-8da0-735a87a4c995.avi,18
a816efb7-3287-4f43-b409-d3d96f5426d8.avi,7
a8181d1d-62a5-49f6-966b-775a2e4c553d.avi,0
a839ff61-b95c-4359-a4a4-6622b1d16f7d.avi,4
a89d0b99-16da-4d17-9c8f-28b42f959ef2.avi,8
a8ed94bc-0816-4c3f-93a2-ba68fe03706a.avi,21
a90f463a-d75c-4f02-b19e-46992698ca62.avi,4
a929fb3c-8803-4720-a993-3155ca22a0d4.avi,9
a9ab3777-b83c-482e-8f07-21292e9cee09.avi,23
aa13e232-314b-428d-a952-bec5b5a4147f.avi,3
aa28aea3-0401-4099-b9fd-0f5c2fa7bc75.avi,21
aa297ad5-e4ef-40bb-9a91-4d46cb2a2a3a.avi,4
aa4645fa-85ee-4d28-a797-eb2f6e5d713c.avi,18
aa9a29cb-b407-4e24-b803-4882733045bf.avi,10
aa9bd0f5-b203-47fb-93ed-dfb2940982c2.avi,17
aaa79ef6-031d-4d0a-9b51-d8de745a489b.avi,4
aaa8db54-1dd2-4586-a07f-18e5d8d078f8.avi,4
aaafb4fe-7095-4fc2-82c3-e72e3a4c35a2.avi,9
aab44826-5fb8-4f8b-9fb4-ce1506332e8f.avi,4
aab63845-0b52-41c9-bab1-8610a6ac2a57.avi,3
ab03f6f6-8a30-42ad-b291-a10596f887d7.avi,8
ab3ab150-0a84-49f8-b8fd-470b4bf1ed86.avi,4
ab66f358-4ed5-4655-b4c2-de0ff88d7b9d.avi,17
ab73ed1b-0796-48df-84b2-45dabf8ee740.avi,0
ab7b69ca-a617-463f-a630-6deaa8586929.avi,4
ab966348-4ea5-4d3f-b1cb-41a4c1ae73e0.avi,17
ab9ddff0-0f11-400e-86d3-57a1293bebdb.avi,17
abe11549-0ff4-41fc-a519-c65244e32e10.avi,18
abec2588-a19e-46c5-a0b0-4c48b4a164f7.avi,8
ac2bb9ff-5c65-4109-a3a1-58eec6c6229e.avi,9
ac34e6d0-2172-45cf-be2b-99559c23bbad.avi,7
ac9e6bc3-5d8d-4fbe-99b7-5d7f45bd477a.avi,17
acd69cec-d928-44e2-93b4-df75d991c9d6.avi,17
ace432ca-1524-48de-8483-7d0524bff01f.avi,3
acee9521-d8e1-47e5-933c-2ba1d5455eb8.avi,17
ad2f6563-b1ec-444b-a069-2190d58549a5.avi,18
ad781ba8-2a2c-46b5-923a-31621f3b9a1f.avi,17
adca9320-9a32-4075-afd5-71bb9ef65bd9.avi,4
adcfa7b7-3c0c-4105-91fe-9310c44c56b5.avi,4
ae14cad6-80fd-4292-89e8-8f4632d3b9d6.avi,8
ae2104d4-2b2a-4fab-a6c5-8ade27f41d9e.avi,4
ae2a54c2-0ee0-4987-bc4a-e55f4530c001.avi,4
ae32bf19-be46-480b-8043-ad1ce2a07387.avi,21
aeb7b147-3100-4d53-99a6-544f819330a8.avi,4
aebf206b-58e1-480e-9f27-e413cc715cea.avi,17
af0d37ca-e430-40d9-851b-3ebbe8f0d50b.avi,17
af2ed555-dcfc-4b4f-ade8-03d809d541de.avi,7
af4732ad-0ba4-4010-a0ed-33099a246687.avi,18
af95327b-2b98-44d7-827c-c6c736975c95.avi,4
af9c2673-1bc3-4690-8ee0-8a540a52c317.avi,4
aff09f4e-c943-42b0-bac7-e71dec03a84e.avi,15
aff1ff4e-e584-47a4-9f27-9b7afe8a1bf2.avi,4
affe8943-536d-47e1-8991-68a0db72415a.avi,17
b0038b58-80e6-449d-982b-d281d3e1108e.avi,7
b0160fe8-2ff1-42e5-9e48-daa39d1760f1.avi,23
b0217a3f-6b82-4c67-bc1f-b97fbc2162ed.avi,3
b08f5c75-07eb-4cef-ac8a-2f56fc748864.avi,7
b0a66405-1df2-4e9c-af6f-94604a500390.avi,4
b0abeb15-5f58-4fe5-95a6-1ee6ab839e56.avi,20
b1038101-5404-457c-b7b0-a2928d86de26.avi,17
b1125f6f-0ed9-4c91-97e3-aa793ee59fa7.avi,18
b154258b-90d2-4379-acca-b7152514462f.avi,17
b1663c5f-018e-4a30-b840-ea2b0cb4fca9.avi,10
b16abf74-a243-4ca5-b092-8e6ccbae272f.avi,4
b1bd60fb-42ee-4fa9-8399-9800b1a4a58c.avi,6
b2180576-09fe-45a2-88b5-6163718f5518.avi,17
b23b526e-9f4d-4e03-9836-79ca67b3f9d4.avi,21
b25d72a8-b081-4fcf-b23e-1f9b6afd0e88.avi,12
b38f82cc-4846-4d18-bbae-396f72c6bafc.avi,3
b39eb1ae-71d3-4819-b59a-a677eead8e25.avi,9
b3c9ced5-f3f9-40ca-88b7-a4dbf62d9b65.avi,10
b3ffd2b4-f8d4-4521-bec8-3ef07a704a1e.avi,18
b43da965-e5e2-4c21-8268-c4a4baf2aa18.avi,8
b45008d3-59b4-4d32-a41a-98ffd4c0034d.avi,18
b4b0c9c6-7155-4e6a-9f3a-609387c39374.avi,4
b4d5e854-bbc5-415c-bcba-905b7fc6bb38.avi,4
b50bbbe6-56d6-4b9e-91fa-2c30fbea54a9.avi,6
b50fe4c6-9c68-4f83-9dab-f03d58e6bf00.avi,21
b55b45f0-f68f-4a1a-9ffb-d44527896461.avi,4
b57aa196-80e8-42fb-a4f9-cdf40093893b.avi,9
b5827f80-5985-4aaa-af66-a77ba070206b.avi,8
b6b90658-61ee-4374-8240-22f6781dbaad.avi,4
b6bf0923-3eb3-4647-9f52-d13ed11e047c.avi,3
b6d62cc0-3a00-416a-8e93-419787f2a652.avi,8
b74ae86a-f7d9-4273-a668-ede984a7abfa.avi,8
b754c2bf-1acd-4094-99e0-2641d26ab1a6.avi,18
b767ae77-9bd0-437c-a8f7-8175683894dd.avi,17
b76822e0-46b4-415b-91bc-b68049a16260.avi,8
b77aa7fd-a9b6-4769-9364-f4012bf0d3b7.avi,7
b7d2c522-2427-4144-91b0-d8f307ed79b0.avi,15
b7da27f5-3212-45e4-9064-45b1aadd1c19.avi,18
b806a041-50d9-47eb-a145-fd1e0ddc75c0.avi,15
b86cc949-be61-44ae-ac81-5f3fd0e214c3.avi,4
b8c9c1d4-2ee9-47e2-b0e9-0d8ad4b0c075.avi,3
b8f30c84-0755-4395-9fa4-f119fb040363.avi,15
b93bd49d-b6a0-45b1-8066-81b25d44e239.avi,3
ba176c51-5f78-47a1-bc20-ebf43a571efd.avi,15
ba337087-b358-49da-b617-5080158b1161.avi,3
ba5f17f6-23e1-40be-85a1-4010d4453758.avi,3
ba8d24ac-7e5a-40ae-9975-6adf94a8bc3f.avi,21
baa3640e-0072-4e39-b193-385ac88027c6.avi,7
baea6dd7-ba7c-459b-837f-4735aabe7575.avi,15
bb48dcec-6822-43c8-9af8-b0fe06449e12.avi,10
bb6e32d8-14ec-4f30-82a1-973dcc6b1e56.avi,4
bb945ed8-ae29-4904-a5fd-9db2682e800b.avi,17
bb9e9da3-9e3a-4c4c-95d5-4cd1179fc63b.avi,9
bc125ac0-c204-4073-bb78-9da41e81ce49.avi,18
bc4b4c44-45e7-40ad-aeab-ded5f6638272.avi,12
bc57589d-3163-40e2-b436-70debf5ea29e.avi,18
bc5c6375-71b2-493d-9f4a-de933769537b.avi,3
bcdf7e64-7217-4662-8f61-455d28f69d35.avi,20
bceed877-3e09-41e9-b117-1a0fcd7f81a6.avi,17
bcf40c95-6594-4a78-b94b-86730bd81339.avi,7
bd1a01ed-40ad-4fec-ac79-aaa4da4a62db.avi,3
bd214846-b0e5-4ea4-9a8e-28650b439762.avi,23
bd320035-4e22-4b7e-ab0e-e667ad832578.avi,15
bd62d490-77d8-48e2-af1c-9d5cc42d3886.avi,17
bdefe84f-90ad-4fa0-a12c-a8e15c44cad1.avi,9
bdf31998-4b1d-4a8f-a8a7-ec58a5354ac7.avi,15
be421a88-5f39-45fd-b62b-25c152916e74.avi,18
be6c0c89-a171-4ea6-8eef-a0c66e361e8b.avi,9
bf136eac-b160-42ab-9903-a25abd343bc9.avi,15
bf233881-06dc-452a-8179-d70b36a74713.avi,9
bfe90c44-ed11-42b6-b24d-516947893b7d.avi,3
c013fc15-72ab-4ba4-a242-5fdf60bc8a24.avi,4
c0d480a6-7547-466e-8322-aae048d4aaad.avi,0
c0ed47c5-aadc-436e-80a7-f2aeb42e87ab.avi,12
c0f952cc-5258-4c6f-8b67-d4a716e39a5d.avi,9
c12e5338-d412-4717-923f-d742b4cf2e91.avi,18
c1420d2d-f807-4146-b919-90209ce9393d.avi,18
c1912408-f7a7-45b1-bd22-265a45e019be.avi,8
c1c065d0-05d4-4ecc-bbb4-50880cad3091.avi,12
c1c7dc62-5d55-472d-a68e-4a313cb1a61b.avi,7
c2514c04-f671-4eb3-a484-16ac9fa75370.avi,18
c25971c4-e6a4-43a4-83ad-eb85cd185a69.avi,17
c2e6b749-e7dd-465d-8f1f-d539493ae609.avi,18
c2f7a642-df22-453a-8ec8-be55320d11b4.avi,15
c33cf92f-3937-4ed7-a803-4534e3d1c3c7.avi,7
c36c423c-eb26-44ac-bd22-afdb19ac9bb2.avi,18
c372a9a0-cfd5-4ce2-9d12-75e8b9fd2ef0.avi,8
c390d2e6-7c3a-4d86-8d11-177d61d6946e.avi,21
c3a0ea92-06ae-409b-a223-2466c2606915.avi,9
c3d145b9-21e8-46f9-bb93-89cf1fca0a4f.avi,8
c3de2933-3bf5-4ad7-b601-7b2fa2e7eb62.avi,18
c411f482-8575-43e4-a015-bab7a65552a5.avi,7
c41682bd-a5e6-4a47-b923-725d9f0f38e9.avi,4
c4591a3c-b29c-4b8d-9742-d32ba8df1a58.avi,3
c47cab80-0345-415f-883f-3ed174539e21.avi,15
c4bd683a-be87-4bb7-9209-03446fdeb4cb.avi,4
c4ee04da-227f-4d53-9458-26712426e2fc.avi,18
c50e8f1a-d6ce-4824-9d46-18ff7919662d.avi,18
c519ea9a-a1fd-4cf7-bd10-c20499a0764c.avi,21
c51fc0fc-cea5-4e0f-b2fa-34d413dc7138.avi,4
c5207a3f-5acf-4fbf-9c58-1bc09cf583ed.avi,4
c524a3a9-631e-4071-9410-e1c28bcf9015.avi,4
c5442618-ddfb-49a7-8501-b9e6c2eea706.avi,21
c55e0a41-d3a1-4717-bacb-c62dc951a85e.avi,17
c5c57b68-849f-49e7-96bf-23a0cf609e07.avi,7
c5d336dd-819e-486f-a9f9-794ce6e31b9a.avi,8
c5dfadbd-1671-4c94-b80e-3d8310762987.avi,0
c60b0812-2c7d-4fd0-b7b2-428d1086edb8.avi,17
c646c58f-2708-4803-a71b-0acbbc990081.avi,8
c685f11f-4044-4607-98f5-c32d2e31f426.avi,15
c6943631-aa75-4dc2-a7f6-7b79c9a31ee6.avi,9
c7583529-728f-41a6-ab64-0b30e8bbb4ef.avi,4
c766dcf8-ce32-45d7-b073-db3304d4ed50.avi,10
c76bc554-6905-4389-b616-38108447a40a.avi,8
c7713c3b-bf1b-4dd7-b3e2-9ae94ce799ba.avi,4
c777d993-d473-41b5-9bce-22a46cc445c4.avi,18
c7b6d728-8da9-4c7f-bc5f-8a28f637e08f.avi,6
c7bbe9fc-57fa-4e2b-a03f-026e08cab2ba.avi,15
c87e154c-9e52-42f0-86a1-21e2a60a4452.avi,7
c87f9b97-ef19-4234-bc60-2b4c03f85b82.avi,12
c8f64dba-ccc5-4a50-8976-25aacfa71b40.avi,7
c92b699d-69f9-4b3b-96c3-5dd8706eaf6e.avi,4
c92c0b3f-24a5-4ca7-a21f-1a36131afab1.avi,9
c9766522-8564-4e32-ac5b-8275f7e45f91.avi,17
c97874f5-452f-4fe6-8bc4-c6e6f0b4fd20.avi,17
c9e4c694-ca0d-48c0-a955-7e62ca8d1d3a.avi,17
c9f15711-5c8f-4de0-8703-ae293122196e.avi,6
ca074349-fe87-4755-978d-87cfce0759b3.avi,18
ca27eb00-84bc-46ec-9502-f36ed6fc91cd.avi,3
ca5c8ce0-ce5c-43c4-ab87-b4333217f57a.avi,18
ca8b3b6e-cb05-4a0f-8f45-9e6b98ada125.avi,7
cb1a4951-7662-42ce-bc0e-a1ff57519714.avi,3
cb42705d-12d9-48b9-a628-aa066428a258.avi,15
cb5a7090-3236-496b-a7d5-1553275a2e59.avi,4
cb5d6bd4-a444-443e-bed6-a69737d3784e.avi,3
cb6be8ca-0243-4a7f-bfae-fa175ba82503.avi,8
cb81781d-45cf-4ac7-94f8-1dc7dbffb871.avi,17
cbf49767-b8df-466f-bd3e-9443c29db208.avi,4
cbf610ea-f066-48ce-85dd-ad1112b83b1f.avi,17
cc22552d-be42-4da9-a533-e28d16a92e6e.avi,15
cc24dcc5-a207-4396-beef-fa71493aa770.avi,4
cc994a25-bc79-4dfc-8b3b-1da918877758.avi,9
ccb2ece4-6799-4d7f-a51f-ee19aeb1f51d.avi,18
cce8e9b1-0c02-479b-a54e-176bce513f02.avi,17
cce9a7b8-4374-490c-bca1-942f222a6f9b.avi,9
cd164984-8c88-4455-b654-d826d69d419e.avi,4
cd27f3bb-681e-4feb-b3e5-e26d8c95ddb6.avi,17
cd327f14-be62-45ba-a44f-ddddd770b166.avi,6
cd6027ec-c705-4aae-a76e-67231a4d8306.avi,8
cdc4e9f8-14eb-4477-8a1b-86e0c324dc40.avi,17
cdf2aa6c-f997-4939-8e4a-afa4b79dc282.avi,4
ce09d890-4ffe-4424-bee7-f0ffdaa988a9.avi,15
ce0afe3a-42ab-4250-a168-d381d2290935.avi,23
ce29cc65-a500-48eb-9510-4b66e3fffb38.avi,10
ce305c95-1dbf-4e38-8109-dd8149206034.avi,8
ce43c7f0-8e04-467c-8078-9cbd50970d51.avi,4
ce793452-9d8d-4887-8afe-d977a58d6b79.avi,15
cef0b497-5439-47c5-988f-1a3e28107f8b.avi,7
cef2d6db-8aea-429a-9bc2-1b90e4582c39.avi,3
cf25e8c2-13bb-469e-a902-3469384a7abd.avi,4
cf77303b-eb56-4023-ab8a-5fe8ffb4327a.avi,17
cfb0d09a-7a12-435b-a13a-26257bc6239f.avi,8
d0341213-8669-4bdc-9fe1-7b41054fa01f.avi,3
d04a59f2-2cd0-4a6b-8928-b515a9f87339.avi,4
d060e592-ace4-4433-b266-7afd8be68be3.avi,17
d0aa3be3-3214-4b38-bd09-7a834892b7ad.avi,7
d0c9ea64-6a33-486b-b05e-bd92edd25735.avi,21
d0d9f43d-3849-4fa7-98f2-8182cd7cd9d2.avi,4
d0ed6a61-8abf-4416-875c-398a2d1a7615.avi,12
d1026c0f-c700-4c28-8488-ee5462ca2e46.avi,8
d12ce28b-e8dd-45e7-b3f2-9f8f693e85a7.avi,3
d14ac30e-60e6-4697-a1fb-63e6ddc1f021.avi,18
d14dcf57-0b18-4f32-9a46-9126fe34f869.avi,17
d15b5873-cc59-4644-8eff-a0da5fad0d5f.avi,17
d1e1d05b-ace3-4c22-865f-260bcb5b33d1.avi,18
d1f7537c-c77c-4205-b596-f3bd7b52c87b.avi,4
d200a6ce-446e-4c85-8375-1fdbddf94969.avi,7
d20ebb5f-1cd8-48b1-8dcc-5caf1bf990ab.avi,18
d283e331-f92c-4b4a-8c8e-ce8e383d8244.avi,15
d28a62ac-b961-4e19-9df0-40034034262f.avi,17
d2c5f7ca-3d66-4587-a2de-4414c2571284.avi,9
d2d697c8-3338-4ea6-b58f-6e621583a824.avi,15
d320edd0-8b71-4a4b-97e1-567f5cc3703d.avi,15
d3721852-368f-41bb-8e1d-8bb6b167b6f1.avi,18
d384de7b-f669-419c-859c-412962f58f30.avi,18
d398182e-8b2c-4569-b588-31d24e470f2e.avi,9
d409aa0d-dc62-4b87-a52b-0f392e835383.avi,18
d425a006-28e9-47ce-95d4-6ce21b1d75c8.avi,17
d46fc68b-338c-4a88-b402-ae005d792c86.avi,4
d4fd7a14-240d-438a-a751-bcfe2cd4277c.avi,13
d5be5ceb-cd5f-465b-886d-5fe78191a2ac.avi,8
d5f49349-2baf-4e3d-ac92-0d34b5565929.avi,9
d61b96fd-5d46-4977-a803-4e8c1b5c640d.avi,4
d61d77d9-794c-4d66-8ec8-51c643c17f31.avi,4
d6228f69-1051-481f-9a4e-b493c207f1df.avi,7
d63597f2-49a4-4250-b7ae-a3ec6ff5a8da.avi,7
d655391a-c0cb-4fa3-aebe-ccc03e5c1f1f.avi,7
d6b6a46c-59c2-4d20-b5d5-c8d030570e5e.avi,9
d6da1a38-348d-4923-ba2a-5a032a145297.avi,9
d6e67a70-9d2b-415f-8612-9f7a4d0fc9d5.avi,9
d75f9dc9-eef6-4c8d-b9a6-a08f013a3621.avi,3
d7f25caf-81a5-4d56-bf50-72da08f995c6.avi,21
d7fcf21e-7eb3-4fae-924d-3b4ddf9173fe.avi,9
d80c325a-351b-4aa4-9109-7bf65ff09145.avi,15
d813c30b-7d4d-450c-99b4-601f7737ba33.avi,4
d84b675d-1eb4-477c-baed-2628e57e4c28.avi,4
d85c84e2-9565-472f-ba78-4d1088bf309e.avi,16
d867ca45-c05e-4d71-8d31-331be4f56705.avi,7
d87fbca8-f233-4721-baa2-60f631f03d9d.avi,18
d888fd12-5ce4-49a4-821c-bc047b473599.avi,18
d8b8b119-2b5a-4b69-99ad-dc0ccfafb629.avi,17
d8c144de-fdf8-410f-b063-7a28d0ef065d.avi,4
d8cacc2f-1731-4e68-8780-2df004049929.avi,18
d8da1c0c-f5ec-49d9-98a1-1b5d3a38dd78.avi,17
d939e8fc-cadb-486c-8db3-9753c0814976.avi,8
d944de0a-03db-451a-80e1-1dd3484a16a0.avi,6
d9ca95b0-a624-475d-aa86-0ba655160580.avi,18
d9cc57e2-30d4-4673-96a8-f073b04cf58e.avi,9
da08a6c3-e072-480c-82ba-a89ff3f49867.avi,9
da47c513-a234-48ea-a078-b00dafc26ff1.avi,3
da7ae29b-e1a9-4fa4-a604-593d8bcc5dd1.avi,4
da95eee4-0ccc-4fec-9132-33ae9da3bb4e.avi,7
daf95281-5b61-4ae5-bb32-9b74fb457bd2.avi,18
daf9e64b-1032-4af7-9e4b-a370e8b6e2a1.avi,21
db224cc0-e540-4a78-8e4b-7a7062f38e26.avi,17
db3a8d02-ab49-428b-86a7-d3a972ef6169.avi,10
db3c4445-3a58-4e95-bce0-a1ccf17575e6.avi,15
db8bb19f-7dfc-4001-a7f8-269a4ad12b6c.avi,21
db8fa14c-1686-49c5-a5e8-01ddbc2c5870.avi,7
db942790-2a75-45d5-b5e1-ddea97b2d555.avi,21
db95c852-825d-4612-8b86-0744bb376844.avi,4
dba02bd1-3409-48bb-b66b-2a7762c2363a.avi,8
dbd38fd4-3f1e-4b9b-9e03-7690382ef0c8.avi,4
dc0842e2-70df-4e1b-9933-4ab26ab4b59f.avi,3
dc5d196b-425f-425c-b841-c09bd3e2f442.avi,9
dccc3681-f2cc-48db-857b-2c3dbdefc79a.avi,4
dcdcc75a-301f-4757-a96c-ffbcce2e2d0a.avi,17
dcff0d6f-f78f-4401-b0db-144bff0cbb94.avi,4
dd5a1e06-e28d-49c3-809b-ff0423d70e95.avi,21
dd78ee2d-817c-4104-b35b-17bfe2b77a19.avi,9
ddf263bb-4a47-4712-aa46-17888e9b9cdb.avi,17
ddfd410e-8da8-4225-96f5-2071b0a2e666.avi,17
de5b1fbd-b269-431c-82af-22ecda84cfc8.avi,15
de638e64-8704-4d1e-a152-dec127efe6ca.avi,9
de66c871-3136-4e6b-944f-d9fb9fc174e3.avi,4
de760861-7e1c-41e6-83e5-267f694f0ec4.avi,4
de96aa7f-24ce-4df8-8c31-8af8cff07a86.avi,17
deb5c4b9-32d7-47d9-971c-70a9d7e4275a.avi,21
df3f8c71-d091-49a4-b64a-fe41eb7c47b4.avi,9
df7a1832-8c82-43e1-a383-7643fcd6fa8c.avi,3
dfbb4f12-a194-44d1-92d8-4ac7f271a1c1.avi,15
e08e9dcb-b68d-4a9c-a1de-1eaf0206f8ba.avi,9
e08fbe2d-a9c2-4b9b-a007-f77ac964d2dc.avi,7
e0b5f880-ef20-424e-9912-d6c1634a566d.avi,7
e19775e0-474d-42b6-b449-cbae54756851.avi,9
e1ae4f7b-f925-424d-8cff-a528895991be.avi,18
e1c56be4-4352-4b29-ae02-d0b3e722969c.avi,21
e1d11d3f-8ea7-43a2-99a2-da23f841b357.avi,10
e20dc13d-a626-4ed8-a128-20f764c2f640.avi,8
e218cbbc-ccc0-4c28-a58f-bed1646b7d53.avi,4
e23fb6c4-e7f9-4b5c-9f3a-6d0b1daa179e.avi,15
e303462a-ee30-43e9-a8c7-a06bd3904650.avi,9
e372743f-fbdf-4932-bcc8-1ce9a13c443e.avi,4
e38ab27b-254b-4665-a3f0-851109d128fc.avi,18
e3afce2e-58c2-47df-9bc9-1f9d090f9ba5.avi,21
e3f64efb-eb85-45be-bafb-c331980ad0e6.avi,4
e4171fe6-5d4e-4746-acc0-6849268446a8.avi,4
e46fd527-7078-4b43-91ba-824af7ceeb4d.avi,18
e4a44347-af32-4b8a-b8fb-da816adfca3d.avi,9
e4c9f6c7-c6ce-47ae-a5a8-d056e87a4ebe.avi,4
e4d0155c-dcb1-41a0-9346-6e161f352415.avi,10
e4d5f1dd-5fc8-40e5-86e4-91aed4002ca0.avi,17
e4db8b93-c55c-4254-a6d0-301ae5818815.avi,4
e504b638-fae9-43e7-b7ef-8efabf1db2fa.avi,7
e50d78ef-b3b9-4812-846b-86160eb670ab.avi,18
e5b871a6-1ec0-4f31-92d1-ac682b89fdb4.avi,15
e5e46539-d2c3-4666-a757-31e5ca08b507.avi,17
e61122ca-744d-44f2-b0db-6843c5f765e5.avi,21
e692250b-de68-42df-a995-da640541b4f2.avi,3
e6f1f66e-694a-4ca2-8b91-cb1c53ac1fff.avi,4
e727a608-9f2c-45d8-8ea8-d6f74677371f.avi,17
e7896d85-db6f-47f3-a716-fa5b5cb260e8.avi,3
e78f7dfe-7dad-4d22-aac6-bb0e7ed238b6.avi,9
e7e8b8f0-9ad9-48a6-a1da-de8fb011cf57.avi,9
e82ccbc6-d4ed-410c-86a1-206e3773639d.avi,3
e841d2ff-127a-4760-ac42-5d7cecc3e7b9.avi,8
e882266f-2ae8-42c5-8e0d-211319e16fa2.avi,4
e89e00ba-8425-4df2-9aac-d00f6cf4bfbd.avi,17
e89fea82-67e6-486e-bb3d-9fc8d208ff49.avi,18
e8c35dcc-30dd-497a-b48c-407c7d83bc4f.avi,17
e917318a-d3e5-43c2-aa1b-31b3cf00aa6f.avi,9
e948f4ed-ae5e-4cb3-ad9a-63d5efee920a.avi,8
e94b75db-6a01-436b-b4ac-48f4d22df2b6.avi,3
e94cdd37-8b2e-4931-b892-caf602f9f320.avi,7
e979f36d-4124-43cf-9e5c-62ce1bbfb76a.avi,7
e9df10ea-c2f3-4b59-b5d4-25179a79cadd.avi,7
ea36702d-01e6-42e2-9f26-e685d806429c.avi,9
eaf2b137-0ba9-4b29-a016-9ce597c158cc.avi,7
eb5ed728-dc6f-4fa4-8098-f207e7801c4d.avi,0
eb7a10d9-2264-456b-a5da-77d3bacc7173.avi,3
eb7e62ff-6696-47ff-a39e-63cc1b675b57.avi,8
eb9c4b84-4179-49b6-9547-8003efac64ee.avi,4
ec11cd42-25c5-454b-84c1-85ffc4863f6b.avi,23
ec3e938c-c73b-4194-8109-a68e04e7e607.avi,17
ec49efe8-614d-4a95-8a96-b982a7cd8011.avi,17
ecd32bb5-2dc6-45c1-88e0-2b0dc552c642.avi,15
ecfa22cb-aae7-43ab-a337-fa1705f99cea.avi,8
ed031039-9b46-4d2e-9957-dcd2bab5d883.avi,4
ed08ee32-14d4-4d6f-ab4b-465c5698f6d6.avi,4
ed16e047-e8b6-4740-9e99-89fe2a6ba91e.avi,15
ed3e53c4-7b18-4fcd-9bf7-1b0e7d65845a.avi,17
ed89fa2c-ac2c-4b3b-81b6-61201df58db9.avi,10
ed944d15-f08d-4a26-9006-7ca098235323.avi,6
edae9668-c917-4b30-8ae3-99d35a9587fb.avi,18
edcc8540-52b3-4afa-b95f-7768560689b2.avi,3
ee001e72-857c-4fea-94eb-e6e8129102ad.avi,7
ee0f092b-a83f-484b-bcbd-a9d38d784f59.avi,4
eea24c48-5ebf-4cfc-96f7-034a04390b10.avi,20
ef208a44-e352-4ad9-9b8b-ead9ef0322ed.avi,4
ef3aa24c-6981-4680-9516-5e8b421c0de4.avi,15
ef819af9-4cec-4ae3-ac7f-fd4d7b3f4362.avi,17
efade2c5-497b-4315-a4dd-d7ec193366aa.avi,15
efb4ee86-ef70-4ea9-a378-95a61f6cbe14.avi,4
efba0e44-f7e5-4408-8a37-0aa73415a50e.avi,9
efbfcd8a-a150-4535-899f-b9f8955d7d1e.avi,21
efeadcce-f3c9-43f9-8bb9-3a823118590e.avi,7
effb7959-9a08-4ac8-81aa-9242fcef9a8d.avi,3
f0b80e54-9ff0-4539-bed3-f0eab470de60.avi,23
f0d024f0-6a76-43dc-a015-d8eebd125edc.avi,17
f1ac323b-7879-48f0-9f6b-4733f983a83b.avi,21
f1df90b8-a3f3-4a1b-a93e-220d3e65fa83.avi,9
f24e8e52-df66-4d1b-a2aa-e735696bc67a.avi,21
f262d1ed-9b63-4857-a025-5f5512325511.avi,18
f2b5fccc-8b9f-4ab6-b91b-da64a9210fb0.avi,4
f3339f0d-d3cf-4c16-826b-fd2efdfd6b7b.avi,7
f37475c4-89d1-4ca7-89dd-929dce162424.avi,17
f3c61599-c012-4205-88a2-0554d0e1d74e.avi,8
f3d5e949-57ec-4ecd-b8e6-4789285aaca3.avi,4
f3eaa195-7a1d-4a4e-b9f4-8c1bbeec03fc.avi,7
f40a60da-bd0f-4bf0-9c0d-2a139bdf7655.avi,7
f43545d3-e742-4a3d-99da-d8213af416b9.avi,4
f45682ac-e13f-4d7a-aef4-ee03c39a3a34.avi,4
f47198ca-a427-4c4a-a4f3-70b510143c9c.avi,3
f4b80a1e-157e-4e75-b7ca-aa39d0082086.avi,8
f51fc281-7794-454c-b00e-ce7078cc0f56.avi,0
f526a16f-2989-4088-a480-677b1883ab82.avi,4
f545e766-a7d3-443a-84b1-f60a4ed9868d.avi,18
f5712ad5-6e8d-4b1e-9c39-635190e0be96.avi,21
f59d1c38-35f5-43fe-9ade-cba49592f193.avi,4
f5b586f9-2e4c-4b6a-89c7-5c87162d4694.avi,9
f5ce5548-ee07-4cb2-8c87-3814a86c3728.avi,15
f5d7362e-201f-420c-a196-34436ad6da4a.avi,15
f5fe3361-e532-4044-86b0-39f8db7e82c3.avi,4
f68c8e8e-8522-4aac-a3f9-39db6bfc3df2.avi,4
f68f0715-980e-4806-9714-ce3af68ae33f.avi,23
f6af3584-8085-4978-8481-e5a2035c84d7.avi,17
f708976c-5ad3-4bb7-910a-5a6d7c42b0f3.avi,23
f7383c68-45a4-480c-9de4-b818d6d9e23a.avi,18
f7811500-5328-4229-83a4-b4aecddfa47c.avi,3
f78e6ad6-ea33-41c0-9f67-da2b52cd3498.avi,17
f7b089ed-dd56-4dc0-af74-49667b5d577b.avi,15
f7d38c58-0005-455e-9819-6e0e256dd92f.avi,3
f7e240e5-2165-430c-a7c6-7e6b685de25f.avi,9
f805eb11-822e-4a34-994d-70dc1aa00d58.avi,18
f85596e9-e017-4e36-9db4-73f22987696d.avi,15
f857c8c9-aea9-4f6d-881b-1bc8027b07d8.avi,4
f85b5eb6-f8a7-437e-8b93-b3df2a7c91d4.avi,8
f86a400a-492c-480a-a78f-a071feca6a4a.avi,18
f87468c7-f814-4432-ae8d-1e2e1a32e302.avi,17
f880e8d7-e5ec-428e-9113-c3b018c3c73d.avi,15
f881dfa0-06cf-44fe-a70c-8c6870cc89e2.avi,9
f8b4c326-180b-45c0-8930-08bc16916118.avi,9
f8d2aaf3-b64f-46b7-b303-3f0c4d8ba573.avi,15
f8d7d18d-a60a-4c4e-80b9-715f2f00dc96.avi,10
f8fd9086-eb43-4ac2-94e8-24ef645ffb3a.avi,21
f8ff16cc-575f-49e1-b03b-d06805d5bd63.avi,4
f910ba0b-de1c-4ee7-8d8b-659fe74c8800.avi,18
f99a8ce8-1b74-473e-a3a8-af40626d91ae.avi,9
f9ada954-c0a2-416d-a9a7-4a586190a9be.avi,18
f9c0e8a4-ef40-4ca5-8d83-55961a7006f7.avi,15
fa1f545c-0f98-4143-ac3f-28f5e350b7fd.avi,9
fa499a58-0a58-40ac-b414-f7859c1e3be8.avi,4
fa4c49f2-37c5-4c4b-8e18-8f3cb930bdcb.avi,21
fa4d632f-a27d-462b-b2e9-ed8c0d0d04bb.avi,21
fa50848c-f9b9-410e-9658-977694397823.avi,3
faf407ce-585f-4bab-95f5-3978254ff76e.avi,6
fb118296-0aee-4b8c-880e-10a18d81e21e.avi,4
fb33c144-2430-4a7e-a441-3acb337a7381.avi,4
fb3d6bc1-655d-4cf7-a1d3-61d21a2e3338.avi,4
fb5fa2b8-1ba0-4abd-a200-3bba81041597.avi,18
fb85e3d1-8adf-465c-b948-4cda13945950.avi,4
fbe4b584-27ab-481f-a149-c72eef834e33.avi,15
fbe8f559-96fa-4c43-9995-64296fc7ee5b.avi,18
fbf5e57f-bde5-45da-986d-d965b662d8bb.avi,12
fbf821d1-6692-4028-9c87-30b7b627b73d.avi,8
fc2ae7e6-e407-4656-aa8f-ad4ef7792e6b.avi,9
fc6d09b8-7770-4aa9-b6b3-45597de988f5.avi,8
fc76517b-f96f-42ee-9155-c6c75d31214a.avi,3
fcb3d3b9-1cab-4b34-9617-f6f03fd94870.avi,12
fcb99bf1-dc9c-455c-829b-1cb1c122ea17.avi,18
fce8e79c-0a26-4941-89f7-15bf94df003b.avi,21
fd1f9103-9f01-46f8-a168-41cc78d33963.avi,8
fd3381fd-6c3f-4b9f-b95e-d79ce477f67b.avi,21
fd3d52a6-9d47-4993-99b1-f2a14f1c2abe.avi,8
fd69a73d-3d20-4972-91d1-629ed354a38a.avi,18
fd8128c8-84bb-413f-b8b8-dcb3d3d02c5e.avi,15
fd8dec3a-f6a1-4d96-99fd-c35d8ec887c3.avi,15
fd9854b9-f217-454f-88e4-512bebdfe4c2.avi,4
fdfcb716-0705-4f4b-8c5d-4e77712896cb.avi,17
fe04cb70-7308-427a-8a46-8d2da82e4220.avi,4
fe08036c-38a3-41f4-b313-d3a7db4340c5.avi,7
fe151e43-7ca4-49a8-8646-26a777abed0b.avi,17
fec178c1-d2e6-4408-91f9-4691371ead29.avi,18
fef422d0-cbcd-49ff-be98-967cb2e89583.avi,8
ff20b35b-bac3-4103-9e87-cdd161197811.avi,17
ff32183e-04aa-4d8e-a218-6a0426e9262a.avi,14
ff542b7e-497e-4d90-829e-b10972a69c08.avi,4
ff5469a7-d205-4796-85df-890db4a847db.avi,13
ff7e4e3f-9598-4126-b28a-4a6f625bafbf.avi,18
ff89118e-6c35-461a-82df-8bd5937a3413.avi,9
fff5714b-5592-4851-8e16-cfb7b8a653e1.avi,15
